LV1_ISO,LV2_Category,VDI3233_No,HB,HRC,Material_Description,Composition_Heat_Treatment,Material_No,JIS,DIN,AISI_ASTM_SAE,BS,EN,AFNOR,SS,UNI,UNE_IHA,UNS,GOST,GB,Brands
P,Carbon Steels,1,125,,Non-alloyed steel,"About 0.15% C, Annealed",1.0037,STKM 12 C,St 37-2,-,4360 40 B,S235JR,E24-2,1311,Fe 360 B,16D,,,,
P,Carbon Steels,1,125,,Non-alloyed steel,"About 0.15% C, Annealed",1.0038,STKM 12 A,St 37-3,A570.36,4360 40 C,S275J2G3,E28-3,1312,Fe 360 D FF,ST14KP,,,,
P,Carbon Steels,1,125,,Non-alloyed steel,"About 0.15% C, Annealed",1.0045,SM 490 YA,S 355 JR,-,-,S 1207,E36-2,-,Fe 510 BFN,,,,,
P,Carbon Steels,1,125,,Non-alloyed steel,"About 0.15% C, Annealed",1.005,SS 50,St 50-2,A570 Gr. 50,4360 50 B,E 295,A50-2,2172,Fe 490,ST5PS,,,,
P,Carbon Steels,1,125,,Non-alloyed steel,"About 0.15% C, Annealed",1.006,SM 58,St 60-2,A572 Gr. 65,4360 55 E,-,A60-2,1650,Fe 60-2,ST6PS,,,,
P,Carbon Steels,1,125,,Non-alloyed steel,"About 0.15% C, Annealed",1.0114,S 235 J0,-,En 40C,S 235 J0,E24-3,Fe 360 CFN,,,,,,,
P,Carbon Steels,1,125,,Non-alloyed steel,"About 0.15% C, Annealed",1.0143,S 275 J0,-,-,S 275 J0,E28-3,1414,Fe 430 C,,,,,,
P,Carbon Steels,1,125,,Non-alloyed steel,"About 0.15% C, Annealed",1.0144,"SM41C, SM400",St 44-3 N,A573 Gr. 81,4360 43C,S 275 J2 G3,E28-3,1412,Fe 430 D FF,ST14KP,,,,
P,Carbon Steels,1,125,,Non-alloyed steel,"About 0.15% C, Annealed",1.0149,Ro St 44-2,-,43C,S 275 J0 H,-,1412,Fe430C,,,,,,
P,Carbon Steels,1,125,,Non-alloyed steel,"About 0.15% C, Annealed",1.0301,S10C,C10,1010,045M10,C10,"34C10, XC10",C10,F.1511,G10100,10,,,
P,Carbon Steels,1,125,,Non-alloyed steel,"About 0.15% C, Annealed",1.033,SPCC,St 12,-,DC 01,Fe P01,DC 01/Fe P01,1142,Fe P01,15KP,,,,
P,Carbon Steels,1,125,,Non-alloyed steel,"About 0.15% C, Annealed",1.0335,SPHE,D D 13 (StW 24),A622(1008),H S 3,D D 13,3C,FeP13,08KP,,,,,
P,Carbon Steels,1,125,,Non-alloyed steel,"About 0.15% C, Annealed",1.0338,SPCE,St 4,A620(1008),14491CR,Fe P04,Fe 14,1147,DC04/FeP04,08JU,,,,
P,Carbon Steels,1,125,,Non-alloyed steel,"About 0.15% C, Annealed",1.0345,SPV 50,P235 GH,A516 Gr. 65,P 235 GH,P 235 GH,A 37 CP,1330,Fe E 235,K02503,,,,
P,Carbon Steels,1,125,,Non-alloyed steel,"About 0.15% C, Annealed",1.0401,S15C,C15,1015,080M15,-,"C18RR, XC18",1350,"C15, C16",F.1110,G10170,15,15,
P,Carbon Steels,1,125,,Non-alloyed steel,"About 0.15% C, Annealed",1.0402,S20C,C22,1020,050 A 20,1 C 22,C20,1450,C 20,F.1120,G10200,20,20,
P,Carbon Steels,1,125,,Non-alloyed steel,"About 0.15% C, Annealed",1.0425,SPV315,P265GH/Hll,A42CP,1430,Fe4101KW,K02801,16K,,,,,,
P,Carbon Steels,1,125,,Non-alloyed steel,"About 0.15% C, Annealed",1.0443,SC 450,GS-45,A2765-35,A1,E23-45M,1305,,,,,,,
P,Carbon Steels,1,125,,Non-alloyed steel,"About 0.15% C, Annealed",1.0539,S355NH,TSE355-4,2134,Fe510B,,,,,,,,,
P,Carbon Steels,1,125,,Non-alloyed steel,"About 0.15% C, Annealed",1.0545,S355N,4360-50E,E355R,2334,FeE355KG,,,,,,,,
P,Carbon Steels,1,125,,Non-alloyed steel,"About 0.15% C, Annealed",1.0546,S355NL,4360-50EE,E355FP,2135,FeE355KT,,,,,,,,
P,Carbon Steels,1,125,,Non-alloyed steel,"About 0.15% C, Annealed",1.0547,S355J0H,4360-50C,TSE355-3,2172,Fe510C,,,,,,,,
P,Carbon Steels,1,125,,Non-alloyed steel,"About 0.15% C, Annealed",1.0549,S355NLH,2135,Fe510D,,,,,,,,,,
P,Carbon Steels,1,125,,Non-alloyed steel,"About 0.15% C, Annealed",1.0553,SM 520 M,St52-3U,A14880-40,4360-50C,320-560M,1606,Fe510C,,,,,,
P,Carbon Steels,1,125,,Non-alloyed steel,"About 0.15% C, Annealed",1.0562,SM490A,St E 355,A633 Gr. C,P 355 N,FeE355KGN,2132,Fe E 355 KG,K12000,15GF,,,,
P,Carbon Steels,1,125,,Non-alloyed steel,"About 0.15% C, Annealed",1.0565,W St E 355,P 355 NH,P 355 NH,2106,Fe E 355 KW,K01600,,,,,,,
P,Carbon Steels,1,125,,Non-alloyed steel,"About 0.15% C, Annealed",1.0566,SLA 37,T St E 355,P 355 NL1,P 355 NL1,2107,Fe E 355 KT,,,,,,,
P,Carbon Steels,1,125,,Non-alloyed steel,"About 0.15% C, Annealed",1.057,SM 50 YA,St 52-3,1,4360-50 C,S355JR,E36-3,2172,Fe 510 B,17G1S,,,,
P,Carbon Steels,1,125,,Non-alloyed steel,"About 0.15% C, Annealed",1.0715,SUM22,9SMn28,1213,230M07,S250,1912,CFSMn28,F.2111,G12130,Y15,,,
P,Carbon Steels,1,125,,Non-alloyed steel,"About 0.15% C, Annealed",1.0718,SUM22L,9SMnPb28,12L13,S250Pb,1914,CF9SMnPb28,F.2112,G12134,,,,,
P,Carbon Steels,1,125,,Non-alloyed steel,"About 0.15% C, Annealed",1.0721,10S20,1108,10S20,10S20,CF10S20,F.2121,G11080,,,,,,
P,Carbon Steels,1,125,,Non-alloyed steel,"About 0.15% C, Annealed",1.0722,10SPb20,11L08,10PbF2,CF10SPb20,G11084,,,,,,,,
P,Carbon Steels,1,125,,Non-alloyed steel,"About 0.15% C, Annealed",1.0736,SUM25,9SMn36,1215,S300,CF9Mn36,F.2113,G12150,Y13,,,,,
P,Carbon Steels,1,125,,Non-alloyed steel,"About 0.15% C, Annealed",1.0737,9SMnPb36,12L14,S300Pb,1926,CF9SMnPb36,F.2114,G12144,,,,,,
P,Carbon Steels,1,125,,Non-alloyed steel,"About 0.15% C, Annealed",1.0972,S315MC,1501-40F30,E315D,,,,,,,,,,
P,Carbon Steels,1,125,,Non-alloyed steel,"About 0.15% C, Annealed",1.0976,S355MC,1501-43F35,E355D,2642,FeE355TM,,,,,,,,
P,Carbon Steels,1,125,,Non-alloyed steel,"About 0.15% C, Annealed",1.0982,S460MC,1501-50F45,,,,,,,,,,,
P,Carbon Steels,1,125,,Non-alloyed steel,"About 0.15% C, Annealed",1.0984,S500MC,E490D,2662,FeE490TM,,,,,,,,,
P,Carbon Steels,1,125,,Non-alloyed steel,"About 0.15% C, Annealed",1.0986,S500MC,1501-60F55,E560D,FeE560TM,,,,,,,,,
P,Carbon Steels,1,125,,Non-alloyed steel,"About 0.15% C, Annealed",1.1121,S10C,Ck10,1010,040A10,XC10,1265,C10,F.1510,G10100,10,,,
P,Carbon Steels,1,125,,Non-alloyed steel,"About 0.15% C, Annealed",1.1141,S15,Ck15,1015,040A15,32C,XC15,1370,C15,F.1110,G10150,15,15,
P,Carbon Steels,1,125,,Non-alloyed steel,"About 0.15% C, Annealed",1.1151,S20C,C22E,1020,055M15,2C22,1450,C20,F.1120,G10230,20,,,
P,Carbon Steels,1,125,,Non-alloyed steel,"About 0.15% C, Annealed",1.89,S25C,StE380,A572-60,436055E,2145,FeE390KG,St44-2,A36,436043A,NFA35-501E28,1411,StE320-3Z,1501160
P,Carbon Steels,2,190,13,Non-alloyed steel,"About 0.45% C, Annealed",1.0481,SG365,17 Mn 4/P 295 GH,A516 Gr. 70,224-460B,P 295 GH,A 48 CP,2102,Fe E 295,A47RCI,K03501,14G2,,
P,Carbon Steels,2,190,13,Non-alloyed steel,"About 0.45% C, Annealed",1.0501,S35C,C35,1035,080A32,1C35,1572,C35,F.1130,G10350,35,,,
P,Carbon Steels,2,190,13,Non-alloyed steel,"About 0.45% C, Annealed",1.0503,S45C,C45,1045,060A47,XC42H1TS,1672,C45,F.1140,G10450,45,,,
P,Carbon Steels,2,190,13,Non-alloyed steel,"About 0.45% C, Annealed",1.0614,C76D,1074,XC75,G10750,,,,,,,,,
P,Carbon Steels,2,190,13,Non-alloyed steel,"About 0.45% C, Annealed",1.0616,C86D,1086,XC80,C85,G10860,,,,,,,,
P,Carbon Steels,2,190,13,Non-alloyed steel,"About 0.45% C, Annealed",1.0618,C92D,1095,XC90,G10950,,,,,,,,,
P,Carbon Steels,2,190,13,Non-alloyed steel,"About 0.45% C, Annealed",1.0726,35S20,1140,212M36,8M,35MF6,1957,G11400,40,,,,,
P,Carbon Steels,2,190,13,Non-alloyed steel,"About 0.45% C, Annealed",1.1157,40Mn4,1039,150M36,15,40M5,G10390,40G,40Mn,,,,,
P,Carbon Steels,2,190,13,Non-alloyed steel,"About 0.45% C, Annealed",1.1165,SMn433H,30Mn5,1036,120M36,35M5,30Mn5,F.8211,K13300,30G2,,,,
P,Carbon Steels,2,190,13,Non-alloyed steel,"About 0.45% C, Annealed",1.1167,SMn438(H),36Mn5,1335,150M36,40M5,2120,36Mn6,F.1203,G13350,35G2,35Mn2,,
P,Carbon Steels,2,190,13,Non-alloyed steel,"About 0.45% C, Annealed",1.1186,S40C,C40E,1040,060A40,2C40,C40,G10400,,,,,,
P,Carbon Steels,2,190,13,Non-alloyed steel,"About 0.45% C, Annealed",1.1191,S45C,Ck45,1045,080M46,2C45,1672,C45,F.1140,45,,,,
P,Carbon Steels,2,190,13,Non-alloyed steel,"About 0.45% C, Annealed",1.1201,S50C,C45R,1049,080M46,3C45,1660,C45,F.1145,38HM,,,,
P,Carbon Steels,2,190,13,Non-alloyed steel,"About 0.45% C, Annealed",1.1213,S50C,Cf53,1050,070M55,XC48HTS,1674,C53,G10500,50,,,,
P,Carbon Steels,2,190,13,Non-alloyed steel,"About 0.45% C, Annealed",1.7242,SCM 418 H,18CrMo4,,,,,,,,,,,
P,Carbon Steels,2,190,13,Non-alloyed steel,"About 0.45% C, Annealed",1.7337,16CrMo4-4,A387 Gr.12,A18CrMo45KW,K11564,15C M,,,,,,,,
P,Carbon Steels,2,190,13,Non-alloyed steel,"About 0.45% C, Annealed",1.7362,SCMV 6,12CrMo195,3606-625,Z10CD5-05,16CrMo205,K41545,17MnV6,A572-60,436055E,NFA35-501E36,2142,,
P,Carbon Steels,3,250,25,Non-alloyed steel,"About 0.45% C, Annealed",1.0481,SG365,17 Mn 4/P 295 GH,A516 Gr. 70,224-460B,P 295 GH,A 48 CP,2102,Fe E 295,A47RCI,K03501,14G2,,
P,Carbon Steels,3,250,25,Non-alloyed steel,"About 0.45% C, Annealed",1.0501,S35C,C35,1035,080A32,1C35,1572,C35,F.1130,G10350,35,,,
P,Carbon Steels,3,250,25,Non-alloyed steel,"About 0.45% C, Annealed",1.0503,S45C,C45,1045,060A47,XC42H1TS,1672,C45,F.1140,G10450,45,,,
P,Carbon Steels,3,250,25,Non-alloyed steel,"About 0.45% C, Annealed",1.0614,C76D,1074,XC75,G10750,,,,,,,,,
P,Carbon Steels,3,250,25,Non-alloyed steel,"About 0.45% C, Annealed",1.0616,C86D,1086,XC80,C85,G10860,,,,,,,,
P,Carbon Steels,3,250,25,Non-alloyed steel,"About 0.45% C, Annealed",1.0618,C92D,1095,XC90,G10950,,,,,,,,,
P,Carbon Steels,3,250,25,Non-alloyed steel,"About 0.45% C, Annealed",1.0726,35S20,1140,212M36,8M,35MF6,1957,G11400,40,,,,,
P,Carbon Steels,3,250,25,Non-alloyed steel,"About 0.45% C, Annealed",1.1157,40Mn4,1039,150M36,15,40M5,G10390,40G,40Mn,,,,,
P,Carbon Steels,3,250,25,Non-alloyed steel,"About 0.45% C, Annealed",1.1165,SMn433H,30Mn5,1036,120M36,35M5,30Mn5,F.8211,K13300,30G2,,,,
P,Carbon Steels,3,250,25,Non-alloyed steel,"About 0.45% C, Annealed",1.1167,SMn438(H),36Mn5,1335,150M36,40M5,2120,36Mn6,F.1203,G13350,35G2,35Mn2,,
P,Carbon Steels,3,250,25,Non-alloyed steel,"About 0.45% C, Annealed",1.1186,S40C,C40E,1040,060A40,2C40,C40,G10400,,,,,,
P,Carbon Steels,3,250,25,Non-alloyed steel,"About 0.45% C, Annealed",1.1191,S45C,Ck45,1045,080M46,2C45,1672,C45,F.1140,45,,,,
P,Carbon Steels,3,250,25,Non-alloyed steel,"About 0.45% C, Annealed",1.1201,S50C,C45R,1049,080M46,3C45,1660,C45,F.1145,38HM,,,,
P,Carbon Steels,3,250,25,Non-alloyed steel,"About 0.45% C, Annealed",1.1213,S50C,Cf53,1050,070M55,XC48HTS,1674,C53,G10500,50,,,,
P,Carbon Steels,3,250,25,Non-alloyed steel,"About 0.45% C, Annealed",1.7242,SCM 418 H,18CrMo4,,,,,,,,,,,
P,Carbon Steels,3,250,25,Non-alloyed steel,"About 0.45% C, Annealed",1.7337,16CrMo4-4,A387 Gr.12,A18CrMo45KW,K11564,15C M,,,,,,,,
P,Carbon Steels,3,250,25,Non-alloyed steel,"About 0.45% C, Annealed",1.7362,SCMV 6,12CrMo195,3606-625,Z10CD5-05,16CrMo205,K41545,17MnV6,A572-60,436055E,NFA35-501E36,2142,,
P,Carbon Steels,4,270,28,Non-alloyed steel,"About 0.75% C, Annealed",1.007,St 70-2,1055,Fe690-2FN,-,A70-2,1655,Fe 690,F.1150,55,,,,
P,Carbon Steels,4,270,28,Non-alloyed steel,"About 0.75% C, Annealed",1.0535,S55C,C55,1055,070M55,1C55,1655,C55,J05000,55,,,,
P,Carbon Steels,4,270,28,Non-alloyed steel,"About 0.75% C, Annealed",1.0601,S58C,C60,1060,060A62,43D,1C60,C60,G10600,60(G),,,,
P,Carbon Steels,4,270,28,Non-alloyed steel,"About 0.75% C, Annealed",1.1203,S55C,Ck55,1055,060A57,2C55,1655,C55,F.1150,G10550,55,55,,
P,Carbon Steels,4,270,28,Non-alloyed steel,"About 0.75% C, Annealed",1.1221,S58C,Ck60,1060,060A62,43D,2C60,1678,C60,F.1150,G10640,60,60Mn,
P,Carbon Steels,4,270,28,Non-alloyed steel,"About 0.75% C, Annealed",1.1274,SUP4,Ck 101,1095,060 A 96,C 100S,XC100,1870,C100,F.5117,G10950,,,
P,Carbon Steels,4,270,28,Non-alloyed steel,"About 0.75% C, Annealed",1.1545,SK 3,C 105 W1,W1,BW 2,C 105U,Y1 105,1880,C 100 KU,F.5118,U10A,90,,
P,Carbon Steels,4,270,28,Non-alloyed steel,"About 0.75% C, Annealed",1.1663,SK 2,C125W,W112,Y2120,U13,T12A,,,,,,,
P,Carbon Steels,4,270,28,Non-alloyed steel,"About 0.75% C, Annealed",1.512,38MnSi4,,,,,,,,,,,,
P,Carbon Steels,4,270,28,Non-alloyed steel,"About 0.75% C, Annealed",1.571,SNC236,36NiCr6,3135,640A35,111A,35NC6,,,,,,,
P,Carbon Steels,4,270,28,Non-alloyed steel,"About 0.75% C, Annealed",1.7701,51CrMoV4,51CrMoV4,,,,,,,,,,,
P,Alloy Steels,6,180,10,Low-alloyed Steel,Annealed,1.0116,St 37-3,A570 Gr. 36,4360-40C,S 235 J2 G3,E24-3,1312,Fe 360 D1(2),AE235D,ST3KP,,,,
P,Alloy Steels,6,180,10,Low-alloyed Steel,Annealed,1.0904,"SKH 1, SKT 4",55Si7,9255,250A53,45,55S7,2085,55Si8,56Si7,G92550,55S2,,
P,Alloy Steels,6,180,10,Low-alloyed Steel,Annealed,1.0961,SUP 7,60SiCr7,9262,60SC6,60SiCr8,60SiCr8,G92620,,,,,,
P,Alloy Steels,6,180,10,Low-alloyed Steel,Annealed,1.2067,100Cr6,L3,BL3,Y100C6,100Cr6,"Gr15,45Gr",,,,,,,
P,Alloy Steels,6,180,10,Low-alloyed Steel,Annealed,1.2108,90CrSi5,L1,2092,105WCR5,,,,,,,,,
P,Alloy Steels,6,180,10,Low-alloyed Steel,Annealed,1.221,115CrV3,L2,100C3,107CrV3KU,F.520L,11KHF,,,,,,,
P,Alloy Steels,6,180,10,Low-alloyed Steel,Annealed,1.2241,51CrV4,,,,,,,,,,,,
P,Alloy Steels,6,180,10,Low-alloyed Steel,Annealed,1.233,SCM435TK,35CrMo4,4135,708A37,34CD4,2234,35CrMo4,35KHM,,,,,
P,Alloy Steels,6,180,10,Low-alloyed Steel,Annealed,1.2419,SKS31,105WCr6,105WC13,105WC13,2140,10WCr6,C WG,CrWMo,,,,,
P,Alloy Steels,6,180,10,Low-alloyed Steel,Annealed,1.251,SKS3,100MnCrW4,O1,BO1,90 MWCV 5,2140,95 MnWCr 5 KU,F.5220,9KHVG,,,,
P,Alloy Steels,6,180,10,Low-alloyed Steel,Annealed,1.2542,45WCrV7,S1,BS1,2710,45WCrV8KU,5C W25F,5CrNiMo,,,,,,
P,Alloy Steels,6,180,10,Low-alloyed Steel,Annealed,1.255,60WCrV7,S1,55WC20,2710,58WCr9KU,5KHV2SF,,,,,,,
P,Alloy Steels,6,180,10,Low-alloyed Steel,Annealed,1.2713,SKT4,55NiCrMoV6,L6,55NCDV7,F.520S,5C NM,5CrNiMo,,,,,,
P,Alloy Steels,6,180,10,Low-alloyed Steel,Annealed,1.2721,50NiCr13,L6,55NCV6,2550,F.528,,,,,,,,
P,Alloy Steels,6,180,10,Low-alloyed Steel,Annealed,1.2842,90MnCrV8,O2,BO2,90MV8,T31502,9G2F,,,,,,,
P,Alloy Steels,6,180,10,Low-alloyed Steel,Annealed,1.3501,100Cr2,E50100,,,,,,,,,,,
P,Alloy Steels,6,180,10,Low-alloyed Steel,Annealed,1.3505,SUJ2,100Cr6,52100,2S135,31,100C6,2258,100Cr6,F.1310,SC C 15,"Gr15,45Gr",,
P,Alloy Steels,6,180,10,Low-alloyed Steel,Annealed,1.5024,46Si7,45S7,46SI7,F.1451,,,,,,,,,
P,Alloy Steels,6,180,10,Low-alloyed Steel,Annealed,1.5025,51Si7,9259H,50Si7,51S7,2090,50Si7,F.1450,,,,,,
P,Alloy Steels,6,180,10,Low-alloyed Steel,Annealed,1.5026,55Si7,56Si7,55S7,2085,55Si7,F.1440,G92550,55S2,,,,,
P,Alloy Steels,6,180,10,Low-alloyed Steel,Annealed,1.5027,60Si7,9260,251A60,60Si7,60S7,60Si7,F.1441,G92600,60S2,,,,
P,Alloy Steels,6,180,10,Low-alloyed Steel,Annealed,1.5028,SUP7,65Si7,9260H,,,,,,,,,,
P,Alloy Steels,6,180,10,Low-alloyed Steel,Annealed,1.5415,STFA 12,15Mo3,A204Gr.A,1503-243B,15D3,2912,16Mo3(KG),F.2601,K11820,,,,
P,Alloy Steels,6,180,10,Low-alloyed Steel,Annealed,1.5419,SCPH11,20Mo4,4419,1503-243-430,2512,G20Mo5,G44190,,,,,,
P,Alloy Steels,6,180,10,Low-alloyed Steel,Annealed,1.5423,SB450M,16Mo5,4520,1503-245-420,16Mo5(KG),F.2602,K11522,,,,,,
P,Alloy Steels,6,180,10,Low-alloyed Steel,Annealed,1.5622,14Ni6,A350-LF5,16N6,14Ni6(KG),F.2641,,,,,,,,
P,Alloy Steels,6,180,10,Low-alloyed Steel,Annealed,1.5732,SNC415(H),14NiICr10,3415,14NC11,16NiCr11,,,,,,,,
P,Alloy Steels,6,180,10,Low-alloyed Steel,Annealed,1.5752,SNC815(H),14NiCr14,3310,655M13,36A,12NC15,20X2H4A,,,,,,
P,Alloy Steels,6,180,10,Low-alloyed Steel,Annealed,1.6511,SUP10,36CrNiMo4,9840,816M40,110,40NCD3,36NiCrMo4(KB),40C N2MA,,,,,
P,Alloy Steels,6,180,10,Low-alloyed Steel,Annealed,1.6523,SNCM220(H),21NiCrMo2,8620,805M20,362,20NCD2,2506,20NiCrMo2,20C GNM,,,,
P,Alloy Steels,6,180,10,Low-alloyed Steel,Annealed,1.6546,SNCM240,40NiCrMo2-2,8740,311-Tyre7,40NiCrMo2(KB),38C GNM,,,,,,,
P,Alloy Steels,6,180,10,Low-alloyed Steel,Annealed,1.6566,17NiCrMo6-4,,,,,,,,,,,,
P,Alloy Steels,6,180,10,Low-alloyed Steel,Annealed,1.6587,17CrNiMo6,820A16,18NCD6,14NiCrMo13,,,,,,,,,
P,Alloy Steels,6,180,10,Low-alloyed Steel,Annealed,1.6657,10NiCrMo13-4,14NiCrMo131,,,,,,,,,,,
P,Alloy Steels,6,180,10,Low-alloyed Steel,Annealed,1.7015,SCr415(H),10Cr3,5015,523M15,12C3,G50150,15C,15Cr,,,,,
P,Alloy Steels,6,180,10,Low-alloyed Steel,Annealed,1.7033,SCr430(H),34Cr4,5132,530A32,18B,32C4,34Cr4(KB),G51300,35C,35Cr,,,
P,Alloy Steels,6,180,10,Low-alloyed Steel,Annealed,1.7035,SCr440(H),41Cr4,5140,530M40,18,42C4,2245,41Cr4,G51400,40H,40Cr,,
P,Alloy Steels,6,180,10,Low-alloyed Steel,Annealed,1.7131,SCR 415,16MnCr5,5115,527M17,16MC5,2511,16MnCr5,G51150,12KHN2,,,,
P,Alloy Steels,6,180,10,Low-alloyed Steel,Annealed,1.7139,16MnCrS5,2127,18HG,,,,,,,,,,
P,Alloy Steels,6,180,10,Low-alloyed Steel,Annealed,1.7176,SUP9(A),55Cr3,5155,527A60,48,55C3,2253,55Cr3,50C GA,20CrMn,,,
P,Alloy Steels,6,180,10,Low-alloyed Steel,Annealed,1.7218,SCM420,25CrMo4,4130,CDS110,25CD4,2225,25CrMo4(KB),20C M,,,,,
P,Alloy Steels,6,180,10,Low-alloyed Steel,Annealed,1.722,SCM432,34CrMo4,4135,708 A 37,35CD4,2234,34CrMo4,35C M,35CrMo,,,,
P,Alloy Steels,6,180,10,Low-alloyed Steel,Annealed,1.7223,SNB22-1,41CrMo4,4142,41CrMo4,40C FA,40CrMoA,,,,,,,
P,Alloy Steels,6,180,10,Low-alloyed Steel,Annealed,1.7225,SCM 440 (H),42CrMo4,4140,708 M 40,42 CrMo 4,42 CD 4,2244,42 CrMo 4,F.1252,38HM,"42CrMo, 42CrMnMo",,
P,Alloy Steels,6,180,10,Low-alloyed Steel,Annealed,1.7228,55NiCrMoV6G,823M30,33,2512,653M31,,,,,,,,
P,Alloy Steels,6,180,10,Low-alloyed Steel,Annealed,1.7262,SCM415(H),15CrMo5,12CD4,2216,12CrMo4,,,,,,,,
P,Alloy Steels,6,180,10,Low-alloyed Steel,Annealed,1.7321,20mOcR4,2625,,,,,,,,,,,
P,Alloy Steels,6,180,10,Low-alloyed Steel,Annealed,1.7335,SCM415(H),13CrMo4-4,A182-F11,1501-620,15CD4-5,2216,14CrMo45,12C M,,,,,
P,Alloy Steels,6,180,10,Low-alloyed Steel,Annealed,1.7361,32CrMo12,722M24,40B,30CD12,2240,30CrMo12,F.124A,,,,,,
P,Alloy Steels,6,180,10,Low-alloyed Steel,Annealed,1.738,10CrMo9-10,A182F22,1501-622,12CD9-10,2218,12CrMo9,12KH8,,,,,,
P,Alloy Steels,6,180,10,Low-alloyed Steel,Annealed,1.7715,14MoV6-3,1503-660-440,13MoCrV6,,,,,,,,,,
P,Alloy Steels,6,180,10,Low-alloyed Steel,Annealed,1.8159,SUP 10,50CrV4,6150,735A50,47,50CrV4,2230,50CrV4,G61500,50C GFA,,,
P,Alloy Steels,6,180,10,Low-alloyed Steel,Annealed,1.8161,58CrV4,,,,,,,,,,,,
P,Alloy Steels,6,180,10,Low-alloyed Steel,Annealed,1.8509,SACM 645,41CrAlMo7,A355A,905M39,41B,40CAD6-12,2940,41CrAlMo7,,,,,
P,Alloy Steels,6,180,10,Low-alloyed Steel,Annealed,1.8523,39CrMoV13-9,897M39,40C,36CrMoV12,,,,,,,,,
P,Prehardened Steels,5,300,32,Non-alloyed steel,"About 0.75% C, Quenched & Tempered",1.007,St 70-2,1055,Fe690-2FN,-,A70-2,1655,Fe 690,F.1150,55,,,,
P,Prehardened Steels,5,300,32,Non-alloyed steel,"About 0.75% C, Quenched & Tempered",1.0535,S55C,C55,1055,070M55,1C55,1655,C55,J05000,55,,,,
P,Prehardened Steels,5,300,32,Non-alloyed steel,"About 0.75% C, Quenched & Tempered",1.0601,S58C,C60,1060,060A62,43D,1C60,C60,G10600,60(G),,,,
P,Prehardened Steels,5,300,32,Non-alloyed steel,"About 0.75% C, Quenched & Tempered",1.1203,S55C,Ck55,1055,060A57,2C55,1655,C55,F.1150,G10550,55,55,,
P,Prehardened Steels,5,300,32,Non-alloyed steel,"About 0.75% C, Quenched & Tempered",1.1221,S58C,Ck60,1060,060A62,43D,2C60,1678,C60,F.1150,G10640,60,60Mn,
P,Prehardened Steels,5,300,32,Non-alloyed steel,"About 0.75% C, Quenched & Tempered",1.1274,SUP4,Ck 101,1095,060 A 96,C 100S,XC100,1870,C100,F.5117,G10950,,,
P,Prehardened Steels,5,300,32,Non-alloyed steel,"About 0.75% C, Quenched & Tempered",1.1545,SK 3,C 105 W1,W1,BW 2,C 105U,Y1 105,1880,C 100 KU,F.5118,U10A,90,,
P,Prehardened Steels,5,300,32,Non-alloyed steel,"About 0.75% C, Quenched & Tempered",1.1663,SK 2,C125W,W112,Y2120,U13,T12A,,,,,,,
P,Prehardened Steels,5,300,32,Non-alloyed steel,"About 0.75% C, Quenched & Tempered",1.512,38MnSi4,,,,,,,,,,,,
P,Prehardened Steels,5,300,32,Non-alloyed steel,"About 0.75% C, Quenched & Tempered",1.571,SNC236,36NiCr6,3135,640A35,111A,35NC6,,,,,,,
P,Prehardened Steels,5,300,32,Non-alloyed steel,"About 0.75% C, Quenched & Tempered",1.7701,51CrMoV4,51CrMoV4,,,,,,,,,,,
P,Prehardened Steels,7,275,29,Low-alloyed Steel,Quenched & Tempered,1.173,C45W3,C45W,XC48,,,,,,,,,,
P,Prehardened Steels,7,275,29,Low-alloyed Steel,Quenched & Tempered,1.2332,SCM(440),47CrMo4,4142,708M40,19A,42CD4,2244,42CrMo4,,,,,
P,Prehardened Steels,7,275,29,Low-alloyed Steel,Quenched & Tempered,1.5736,SNC 631 (H),36NiCr10,3435,30NC11,,,,,,,,,
P,Prehardened Steels,7,275,29,Low-alloyed Steel,Quenched & Tempered,1.6523,SNCM220(H),21NiCrMo2,8620,805M20,362,20NCD2,2506,20NiCrMo2,20C GNM,,,,
P,Prehardened Steels,7,275,29,Low-alloyed Steel,Quenched & Tempered,1.7033,SCr430(H),34Cr4,5132,530A32,18B,32C4,34Cr4(KB),G51300,35C,,,,
P,Prehardened Steels,7,275,29,Low-alloyed Steel,Quenched & Tempered,1.7218,SCM420,25CrMo4,4130,CDS110,25CD4,2225,25CrMo4(KB),20C M,,,,,
P,Prehardened Steels,7,275,29,Low-alloyed Steel,Quenched & Tempered,1.8159,SUP 10,50CrV4,6150,735A50,47,50CrV4,2230,50CrV4,51CrV4,G61500,50C GFA,50CrVA,
P,Prehardened Steels,7,275,29,Low-alloyed Steel,Quenched & Tempered,1.8515,32CrMo12,722M24,40B,30CD12,2240,32CrMo12,F.124A,,,,,,
P,Prehardened Steels,8,300,32,Low-alloyed Steel,Quenched & Tempered,1.7361,32CrMo12,722M24,40B,30CD12,2240,30CrMo12,F.124A,,,,,,
P,Prehardened Steels,8,300,32,Low-alloyed Steel,Quenched & Tempered,1.738,10CrMo9-10,A182F22,1501-622,12CD9-10,2218,12CrMo9,12KH8,,,,,,
P,Prehardened Steels,8,300,32,Low-alloyed Steel,Quenched & Tempered,1.7715,14MoV6-3,1503-660-440,13MoCrV6,,,,,,,,,,
P,Prehardened Steels,8,300,32,Low-alloyed Steel,Quenched & Tempered,1.8159,SUP 10,50CrV4,6150,735A50,47,50CrV4,2230,50CrV4,G61500,50C GFA,,,
P,Prehardened Steels,8,300,32,Low-alloyed Steel,Quenched & Tempered,1.8161,58CrV4,,,,,,,,,,,,
P,Prehardened Steels,8,300,32,Low-alloyed Steel,Quenched & Tempered,1.8509,SACM 645,41CrAlMo7,A355A,905M39,41B,40CAD6-12,2940,41CrAlMo7,,,,,
P,Prehardened Steels,8,300,32,Low-alloyed Steel,Quenched & Tempered,1.8523,39CrMoV13-9,897M39,40C,36CrMoV12,,,,,,,,,
P,Prehardened Steels,9,350,38,Low-alloyed Steel,Quenched & Tempered,1.0904,"SKH 1, SKT 4",55Si7,9255,250A53,45,55S7,2085,55Si8,G92550,55S2,,,
P,Prehardened Steels,9,350,38,Low-alloyed Steel,Quenched & Tempered,1.0961,SUP 7,60SiCr7,9262,60SC6,60SiCr8,G92620,,,,,,,
P,Prehardened Steels,9,350,38,Low-alloyed Steel,Quenched & Tempered,1.2067,100Cr6,L3,BL3,Y100C6,100Cr6,"CrV, 9SiCr",,,,,,,
P,Prehardened Steels,9,350,38,Low-alloyed Steel,Quenched & Tempered,1.2419,SKS31,105WCr6,105WC13,105WC13,2140,10WCr6,C WG,CrWMo,,,,,
P,Prehardened Steels,9,350,38,Low-alloyed Steel,Quenched & Tempered,1.2542,45WCrV7,S1,BS1,2710,45WCrV8KU,5C W25F,5CrNiMo,,,,,,
P,Prehardened Steels,9,350,38,Low-alloyed Steel,Quenched & Tempered,1.2713,SKT4,55NiCrMoV6,L6,55NCDV7,F.520S,5C NM,5CrNiMo,,,,,,
P,Prehardened Steels,9,350,38,Low-alloyed Steel,Quenched & Tempered,1.4882,X50CrMnNiNbN219,Z50CMNNb21-09,,,,,,,,,,,
P,Prehardened Steels,9,350,38,Low-alloyed Steel,Quenched & Tempered,1.512,38MnSi4,,,,,,,,,,,,
P,Prehardened Steels,9,350,38,Low-alloyed Steel,Quenched & Tempered,1.571,SNC236,36NiCr6,3135,640A35,111A,35NC6,,,,,,,
P,Prehardened Steels,9,350,38,Low-alloyed Steel,Quenched & Tempered,1.5755,SNC236,31NiCr14,830m31,18NC13,2534,F.1270,,,,,,,
P,Prehardened Steels,9,350,38,Low-alloyed Steel,Quenched & Tempered,1.6511,SUP10,36CrNiMo4,9840,816M40,110,40NCD3,36NiCrMo4(KB),40C N2MA,,,,,
P,Prehardened Steels,9,350,38,Low-alloyed Steel,Quenched & Tempered,1.6546,SNCM240,40NiCrMo2-2,8740,311-Tyre7,40NiCrMo2(KB),38C GNM,,,,,,,
P,Prehardened Steels,9,350,38,Low-alloyed Steel,Quenched & Tempered,1.7035,SCr440(H),41Cr4,5140,530M40,18,42C4,2245,41Cr4,G51400,40H,40Cr,,
P,Prehardened Steels,9,350,38,Low-alloyed Steel,Quenched & Tempered,1.7176,SUP9(A),55Cr3,5155,527A60,48,55C3,2253,55Cr3,50C GA,20CrMn,,,
P,Prehardened Steels,9,350,38,Low-alloyed Steel,Quenched & Tempered,1.722,SCM432,34CrMo4,4135,708Aa37,35CD4,2234,34CrMo4,35C M,35CrMo,,,,
P,Prehardened Steels,9,350,38,Low-alloyed Steel,Quenched & Tempered,1.7223,SNB22-1,41CrMo4,4142,41CrMo4,40C FA,40CrMoA,,,,,,,
P,Prehardened Steels,9,350,38,Low-alloyed Steel,Quenched & Tempered,1.7225,SCM 440 (H),42CrMo4,4140,708 M 40,42 CrMo 4,42 CD 4,2244,42 CrMo 4,F.1252,38HM,"42CrMo, 42CrMnMo",,
P,Prehardened Steels,9,350,38,Low-alloyed Steel,Quenched & Tempered,1.7361,32CrMo12,722M24,40B,30CD12,2240,30CrMo12,F.124A,,,,,,
P,Prehardened Steels,9,350,38,Low-alloyed Steel,Quenched & Tempered,1.8159,SUP 10,50CrV4,6150,735A50,47,50CrV4,2230,50CrV4,51CrV4,G61500,50C GFA,50CrVA,
P,Prehardened Steels,9,350,38,Low-alloyed Steel,Quenched & Tempered,1.8161,58CrV4,,,,,,,,,,,,
P,Prehardened Steels,9,350,38,Low-alloyed Steel,Quenched & Tempered,1.8509,SACM 645,41CrAlMo7,A355A,905M39,41B,40CAD6-12,2940,41CrAlMo7,,,,,
P,Prehardened Steels,9,350,38,Low-alloyed Steel,Quenched & Tempered,1.8523,39CrMoV13-9,897M39,40C,36CrMoV12,,,,,,,,,
P,Prehardened Steels,10,200,15,"High-alloyed steel, and tool steel",Annealed,1.0347,SPCD,RR St 3,A619,CR 3,Fe P03,F 13,DC03/FeP03,08JU,,,,,
P,Prehardened Steels,10,200,15,"High-alloyed steel, and tool steel",Annealed,1.0723,SUM32,15S22,210A15,1922,F.210F,,,,,,,,
P,Prehardened Steels,10,200,15,"High-alloyed steel, and tool steel",Annealed,1.208,SKD1,X210Cr12,D3,BD3,X210Cr12,Z200C12,X205Cr12KU,T30403,KH12,Cr12,,,
P,Prehardened Steels,10,200,15,"High-alloyed steel, and tool steel",Annealed,1.2162,SCR 420 H,21MnCr5,20MC5,,,,,,,,,,
P,Prehardened Steels,10,200,15,"High-alloyed steel, and tool steel",Annealed,1.2311,40CrMnMo7,40CMD8,35cRmO8KU,,,,,,,,,,
P,Prehardened Steels,10,200,15,"High-alloyed steel, and tool steel",Annealed,1.2312,40CrMnMoS8.6,P20+S,40CMD8S,,,,,,,,,,
P,Prehardened Steels,10,200,15,"High-alloyed steel, and tool steel",Annealed,1.2316,X36CrMo17,X38CrMo16,,,,,,,,,,,
P,Prehardened Steels,10,200,15,"High-alloyed steel, and tool steel",Annealed,1.2343,SKD 6,X38CrMoV5-1,H11,BH11,Z38CDV5,X37CrMoV51KU,T20811,4C 5MFS,,,,,
P,Prehardened Steels,10,200,15,"High-alloyed steel, and tool steel",Annealed,1.2344,SKD61,X40CrMoV5-1,H13,BH13,Z40CDV5,2242,X40CrMoV511KU,F.5318,T20813,4C 5MF1S,4Cr5MoVSi,,
P,Prehardened Steels,10,200,15,"High-alloyed steel, and tool steel",Annealed,1.2363,SKD12,X100CrMoV5-1,A2,BA2,Z100CDV5,2260,X100CrMoV51KU,F.5227,9KH5VF,Cr6WV,,,
P,Prehardened Steels,10,200,15,"High-alloyed steel, and tool steel",Annealed,1.2379,SKD11,X155CrVMo121,D2,BD2,Z160CDV12,2310,X165CrMoW12KU,T30402,KH12MF,KRUPP2379,,,
P,Prehardened Steels,10,200,15,"High-alloyed steel, and tool steel",Annealed,1.2436,SKD 2,X210CrW12,D4(D6),BD6,Z200CD12,2312,X215CrW121KU,F.5213,KH12,Cr12W,,,
P,Prehardened Steels,11,325,35,"High-alloyed steel, and tool steel",Quenched & Tempered,1.208,SKD1,X210Cr12,D3,BD3,X210Cr12,Z200C12,X205Cr12KU,T30403,KH12,Cr12,,,
P,Prehardened Steels,11,325,35,"High-alloyed steel, and tool steel",Quenched & Tempered,1.2344,SKD61,X40CrMoV5-1,H13,BH13,Z40CDV5,2242,X40CrMoV511KU,F.5318,T20813,4C 5MF1S,4Cr5MoVSi,,
P,Prehardened Steels,11,325,35,"High-alloyed steel, and tool steel",Quenched & Tempered,1.2363,SKD12,X100CrMoV5-1,A2,BA2,Z100CDV5,2260,X100CrMoV51KU,F.5227,9KH5VF,Cr6WV,,,
P,Prehardened Steels,11,325,35,"High-alloyed steel, and tool steel",Quenched & Tempered,1.2436,SKD 2,X210CrW12,D4(D6),BD6,Z200CD12,2312,X215CrW121KU,F.5213,KH12,Cr12W,,,
P,Prehardened Steels,11,325,35,"High-alloyed steel, and tool steel",Quenched & Tempered,1.251,SKS3,100MnCrW4,O1,BO1,90 MWCV 5,2140,95 MnWCr 5 KU,F.5220,9KHVG,,,,
P,Prehardened Steels,11,325,35,"High-alloyed steel, and tool steel",Quenched & Tempered,1.2581,SKD5,X30WCrV9-3,H21,BH21,Z30WCV9,X30WCrV93KU,F.526,T20821,3C 2W8F,3Cr2W8V,,,
P,Prehardened Steels,11,325,35,"High-alloyed steel, and tool steel",Quenched & Tempered,1.2581,SKD5,X30WCrV9-3,H21,BH21,Z30WCV9,X30WCrV93KU,F.526,T20821,3C 2W8F,3Cr2W8V,,,
P,Prehardened Steels,11,325,35,"High-alloyed steel, and tool steel",Quenched & Tempered,1.2601,X165CrMoV12,2310,X160CrMoV12,KH12MF,Cr12MoV,,,,,,,,
P,Prehardened Steels,11,325,35,"High-alloyed steel, and tool steel",Quenched & Tempered,1.2601,X165CrMoV12,2310,X160CrMoV12,KH12MF,Cr12MoV,,,,,,,,
P,Prehardened Steels,11,325,35,"High-alloyed steel, and tool steel",Quenched & Tempered,1.2606,SKD 62,X37CrMoW51,H12,BH12,Z35CWDV5,X35CrMoW05KU,F.537,T20812,5C NM,,,,
P,Prehardened Steels,11,325,35,"High-alloyed steel, and tool steel",Quenched & Tempered,1.2714,SKT 4,55NiCrMoV7,6F3/L6,55NiCrMoV7,F.520S,5KHNV,,,,,,,
P,Prehardened Steels,11,325,35,"High-alloyed steel, and tool steel",Quenched & Tempered,1.2764,X19NiCrMo4,,,,,,,,,,,,
P,Prehardened Steels,11,325,35,"High-alloyed steel, and tool steel",Quenched & Tempered,1.2767,X45NiCrMo4,45NCD16,40NiCrMoV8KU,,,,,,,,,,
P,Prehardened Steels,11,325,35,"High-alloyed steel, and tool steel",Quenched & Tempered,1.2842,90MnCrV8,O2,B02,90MV8,90MnVCr8KU,T31502,9G2F,,,,,,
P,Prehardened Steels,11,325,35,"High-alloyed steel, and tool steel",Quenched & Tempered,1.3202,S12-1-4-5,BT15,HS12-1-5-5,,,,,,,,,,
P,Prehardened Steels,11,325,35,"High-alloyed steel, and tool steel",Quenched & Tempered,1.3207,S10-4-3-10,BT42,Z130WKCDV,,,,,,,,,,
P,Prehardened Steels,11,325,35,"High-alloyed steel, and tool steel",Quenched & Tempered,1.3243,SKH55,S6-5-2-5,T15,KCV06-05-05-04-02,2723,HS6-5-2-5,R6M5K5,W6Mo5Cr4V2Co5,,,,,
P,Prehardened Steels,11,325,35,"High-alloyed steel, and tool steel",Quenched & Tempered,1.3243,SKH55,S6-5-2-5,T15,KCV06-05-05-04-02,2723,HS6-5-2-5,R6M5K5,W6Mo5Cr4V2Co5,,,,,
P,Prehardened Steels,11,325,35,"High-alloyed steel, and tool steel",Quenched & Tempered,1.3246,S7-4-2-5,M35,Z110WKCDV07-05-04,HS7-4-2-5,,,,,,,,,
P,Prehardened Steels,11,325,35,"High-alloyed steel, and tool steel",Quenched & Tempered,1.3247,SKH 51,S2-10-1-8,M42,BM42,Z110DKCWV09-08-04,HS2-9-1-8,R2AM9K5,,,,,,
P,Prehardened Steels,11,325,35,"High-alloyed steel, and tool steel",Quenched & Tempered,1.3249,SKH 3,S18-1-2-5,T4,BT4,Z80WKCV18-05-04,R18K5F2,W18Cr4VCo5,,,,,,
P,Prehardened Steels,11,325,35,"High-alloyed steel, and tool steel",Quenched & Tempered,1.3255,SKH 3,S18-1-2-5,T4,BT4,Z80WKCV18-05-04,R18K5F2,W18Cr4VCo5,,,,,,
P,Prehardened Steels,11,325,35,"High-alloyed steel, and tool steel",Quenched & Tempered,1.3343,"SKH51, SKH9",S6-5-2,M2,BM2,Z85WDCV,2722,HS652,F.5604,R6M5,W6Mo5Cr4V2,,,
P,Prehardened Steels,11,325,35,"High-alloyed steel, and tool steel",Quenched & Tempered,1.3343,"SKH51, SKH9",S6-5-2,M2,BM2,Z85WDCV,2722,HS652,F.5604,R6M5,W6Mo5Cr4V2,,,
P,Prehardened Steels,11,325,35,"High-alloyed steel, and tool steel",Quenched & Tempered,1.3348,SKH 58,S2-9-2,M7,Z100DCWV09-04-02,2782,HS292,F.5607,,,,,,
P,Prehardened Steels,11,325,35,"High-alloyed steel, and tool steel",Quenched & Tempered,1.3348,SKH 58,S2-9-2,M7,Z100DCWV09-04-02,2782,HS292,F.5607,,,,,,
P,Prehardened Steels,11,325,35,"High-alloyed steel, and tool steel",Quenched & Tempered,1.3355,SKH 2,S18-0-1,T1,BT1,Z80WCV18-4-01,R18,W18Cr4V,,,,,,
P,Prehardened Steels,11,325,35,"High-alloyed steel, and tool steel",Quenched & Tempered,1.3355,SKH 2,S18-0-1,T1,BT1,Z80WCV18-4-01,R18,W18Cr4V,,,,,,
P,Prehardened Steels,11,325,35,"High-alloyed steel, and tool steel",Quenched & Tempered,1.4718,SUH1,X45CrSi9-3,HNV3,401S45,52,Z45CS9,X45CrSi8,F.322,40C 9S2,4Cr9Si2,,,
P,Prehardened Steels,11,325,35,"High-alloyed steel, and tool steel",Quenched & Tempered,1.4718,SUH1,X45CrSi9-3,HNV3,401S45,52,Z45CS9,X45CrSi8,F.322,40C 9S2,4Cr9Si2,,,
P,Prehardened Steels,11,325,35,"High-alloyed steel, and tool steel",Quenched & Tempered,1.4935,SUH 616,X20CrMoWV121,422,S42200,,,,,,,,,
P,Prehardened Steels,11,325,35,"High-alloyed steel, and tool steel",Quenched & Tempered,1.5662,SL9N60(53),X8Ni9,ASMA353,502-650,9Ni,X10Ni9,F.2645,,,,,,
P,Prehardened Steels,11,325,35,"High-alloyed steel, and tool steel",Quenched & Tempered,1.568,12Ni19,2515,12Ni19,Z18N5,Mat'l,No.,JIS,DIN,AISI/ASTM/,SAE,BS,EN,AFNOR
P,Prehardened Steels,11,325,35,"High-alloyed steel, and tool steel",Quenched & Tempered,1.568,12Ni19,2515,12Ni19,Z18N5,,,,,,,,,
M,Stainless Steels,12,200,15,Stainless steel,"Ferritic / Martensitic, Annealed",1.4,SUS403,X6Cr13,403,403S17,Z6C13,2301,X6Cr13,F.3110,S40300,08C 13,0Cr13;1Cr12,ATI 410S,
M,Stainless Steels,12,200,15,Stainless steel,"Ferritic / Martensitic, Annealed",1.4001,X7Cr14,410 S,403S7,Z8C13,2301,F.8401,08C 13,,,,,,
M,Stainless Steels,12,200,15,Stainless steel,"Ferritic / Martensitic, Annealed",1.4002,SUS 405,X6CrAl13,405,405S17,Z6CA13,2302,X6CrAI13,S40500,,,,,
M,Stainless Steels,12,200,15,Stainless steel,"Ferritic / Martensitic, Annealed",1.4005,SUS416,X12CrS13,416,416S21,Z11CF13,2380,X12CrSC13,F.3411,S41600,ATI 416,,,
M,Stainless Steels,12,200,15,Stainless steel,"Ferritic / Martensitic, Annealed",1.4006,SUS410,X12Cr13,410,410S21,56A,Z10C13,2302,X12Cr13,F.3401,S41000,12C 13,ATI 410,
M,Stainless Steels,12,200,15,Stainless steel,"Ferritic / Martensitic, Annealed",1.4016,SUS430,X6Cr17,430,430S15,X8Cr17,Z8C17,2320,X8Cr17,F3113,S43000,12C 17,1Cr17,ATI 430
M,Stainless Steels,12,200,15,Stainless steel,"Ferritic / Martensitic, Annealed",1.4027,SCS 2,GX20Cr14,420C29,Z20C13M,20C 13L,,,,,,,,
M,Stainless Steels,12,200,15,Stainless steel,"Ferritic / Martensitic, Annealed",1.4028,SUS420J2,X30Cr13,420,420S45,Z30C13,2304,S42020,20C 13,,,,,
M,Stainless Steels,12,200,15,Stainless steel,"Ferritic / Martensitic, Annealed",1.4034,SUS420J2,X46Cr13,420S45,Z40C14,X40Cr14,F.3405,4Cr13,,,,,,
M,Stainless Steels,12,200,15,Stainless steel,"Ferritic / Martensitic, Annealed",1.4057,SUS431,X19CrNi17-2,431,431S29,57,Z15CN16-02,2321,X16CrNi16,F.3427,S43100,20C 17N2,431 (HT),
M,Stainless Steels,12,200,15,Stainless steel,"Ferritic / Martensitic, Annealed",1.4086,GX120Cr29,452C11,,,,,,,,,,,
M,Stainless Steels,12,200,15,Stainless steel,"Ferritic / Martensitic, Annealed",1.4104,SUS430F,X12CrMoS17,430F,420S37,Z10CF17,2383,X10CrS17,F.3117,S43020,Y1Cr17,,,
M,Stainless Steels,12,200,15,Stainless steel,"Ferritic / Martensitic, Annealed",1.4112,SUS 440 B,X90CrMoV18,440B,S44003,95KH18,,,,,,,,
M,Stainless Steels,12,200,15,Stainless steel,"Ferritic / Martensitic, Annealed",1.4113,SUS434,X6CrMo17,434,434S17,Z8CD17-01,2325,X8CrMo17,S43400,AL 434,,,,
M,Stainless Steels,12,200,15,Stainless steel,"Ferritic / Martensitic, Annealed",1.4313,SCS5,X3CrNi13-4,CA6-NM,425C11,Z4CND13-04M,2385,(G)X6CrNi304,J91540,,,,,
M,Stainless Steels,12,200,15,Stainless steel,"Ferritic / Martensitic, Annealed",1.434,GX40CrNi274,J92615,,,,,,,,,,,
M,Stainless Steels,12,200,15,Stainless steel,"Ferritic / Martensitic, Annealed",1.4417,X2CrNiM0Si195,S31500,2376,S39215,,,,,,,,,
M,Stainless Steels,12,200,15,Stainless steel,"Ferritic / Martensitic, Annealed",1.4418,X4CrNiMo165,Z6CND16-04-01,2387,APX4,,,,,,,,,
M,Stainless Steels,12,200,15,Stainless steel,"Ferritic / Martensitic, Annealed",1.451,SUS430LX,X6CrTi17,XM8,Z4CT17,X6CrTi17,F.3115,S43035,08C 17T,430 Ti,,,,
M,Stainless Steels,12,200,15,Stainless steel,"Ferritic / Martensitic, Annealed",1.4511,SUS430LK,X6CrNb17,Z4CNb17,X6CrNb17,F.3122,AXC525,,,,,,,
M,Stainless Steels,12,200,15,Stainless steel,"Ferritic / Martensitic, Annealed",1.4512,SUH409,X6CrTi12,409,LW19,Z3CT12,X6CrTi12,S40900,,,,,,
M,Stainless Steels,12,200,15,Stainless steel,"Ferritic / Martensitic, Annealed",1.472,X20CrMo13,,,,,,,,,,,,
M,Stainless Steels,12,200,15,Stainless steel,"Ferritic / Martensitic, Annealed",1.4724,SUS 405,X10CrA113,405,403S17,Z10C13,X10CrA112,F.311,10C 13SJU,0Cr13Al,,,,
M,Stainless Steels,12,200,15,Stainless steel,"Ferritic / Martensitic, Annealed",1.4742,SUS430,X10CrA118,430,439S15,60,Z10CAS18,X8Cr17,F.3113,S43000,15C 13SJU,Cr17,,
M,Stainless Steels,12,200,15,Stainless steel,"Ferritic / Martensitic, Annealed",1.4747,SUH4,X80CrNiSi20,HNV6,443S65,59,Z80CSN20-02,X80CrSiNi20,F.320B,S65006,8Cr2OSi2Ni,,,
M,Stainless Steels,12,200,15,Stainless steel,"Ferritic / Martensitic, Annealed",1.4749,X18CrN28,446,15KH28,,,,,,,,,,
M,Stainless Steels,12,200,15,Stainless steel,"Ferritic / Martensitic, Annealed",1.4762,SUH446,X10CrA124,446,Z10CAS24,2322,X16Cr26,S44600,2Cr25N,,,,,
M,Stainless Steels,12,200,15,Stainless steel,"Ferritic / Martensitic, Annealed",1.4871,"SUH35,SUH36",X53CrMnNiN21-9,EV8,349S54,Z52CMN21-09,X53CrMnNiN219,S63008,55C 20G9AN4,5Cr2Mn9Ni4N,X10CrNi15,429,X12CrNi18-9,302
M,Stainless Steels,13,240,23,Stainless steel,"Martensitic, Quenched & Tempered",1.4021,SUS 420J1,X20Cr13,420,420S37,Z20C13,2303,14210,F.5261,S42000,20C 13,2Cr13,ATI 420,
M,Stainless Steels,13,240,23,Stainless steel,"Martensitic, Quenched & Tempered",1.4027,SCS 2,GX20Cr14,420C29,Z20C13M,20C 13L,,,,,,,,
M,Stainless Steels,13,240,23,Stainless steel,"Martensitic, Quenched & Tempered",1.4031,SUS 420 J2,X40Cr13,420,Z40C14,-2304,F.3404,S42080,40C 13,,,,,
M,Stainless Steels,13,240,23,Stainless steel,"Martensitic, Quenched & Tempered",1.4034,SUS420J2,X46Cr13,420S45,Z40C14,X40Cr14,F.3405,4Cr13,,,,,,
M,Stainless Steels,13,240,23,Stainless steel,"Martensitic, Quenched & Tempered",1.4057,SUS431,X19CrNi17-2,431,431S29,57,Z15CN16-02,2321,X16CrNi16,F.3427,S43100,20C 17N2,1Cr17Ni2,431 (HT)
M,Stainless Steels,13,240,23,Stainless steel,"Martensitic, Quenched & Tempered",1.4104,SUS430F,X12CrMoS17,430F,420S37,Z10CF17,2383,X10CrS17,F.3117,S43020,Y1Cr17,,,
M,Stainless Steels,13,240,23,Stainless steel,"Martensitic, Quenched & Tempered",1.4113,SUS434,X6CrMo17,434,434S17,Z8CD17-01,2325,X8CrMo17,S43400,AL 434,,,,
M,Stainless Steels,13,240,23,Stainless steel,"Martensitic, Quenched & Tempered",1.4313,SCS5,X3CrNi13-4,CA6-NM,425C11,Z4CND13-04M,2385,(G)X6CrNi304,J91540,,,,,
M,Stainless Steels,13,240,23,Stainless steel,"Martensitic, Quenched & Tempered",1.4544,A 700,321,S.524,Z 10 CNT 18 11,X6CrNiTi1811,J92630,08C 18N12T,,,,,,
M,Stainless Steels,13,240,23,Stainless steel,"Martensitic, Quenched & Tempered",1.4546,X5CrNiNb18-10,348,347S31,X6CrNiNb1811,J92640,ATI 348,,,,,,,
M,Stainless Steels,13,240,23,Stainless steel,"Martensitic, Quenched & Tempered",1.4871,"SUH35,SUH36",X53CrMnNiN21-9,EV8,349S54,Z52CMN21-09,X53CrMnNiN219,S63008,55C 20G9AN4,,,,,
M,Stainless Steels,13,240,23,Stainless steel,"Martensitic, Quenched & Tempered",1.4922,X20cRmV12-1,2317,x20cRmOnI1201,,,,,,,,,,
M,Stainless Steels,13,240,23,Stainless steel,"Martensitic, Quenched & Tempered",1.4923,X22CrMoV121,Jethete X20,,,,,,,,,,,
M,Stainless Steels,14,180,10,Stainless steel,Austenitic,1.4301,SUS 304,X5CrNi18-10,304,304S15,Z5CN18-09,2332,F.3551,S30409,08C 18N10,,,,
M,Stainless Steels,14,180,10,Stainless steel,Austenitic,1.4305,SUS303,X10CrNiS18-10,303,303S21,58M,Z8CNF18-09,2346,X10CrNiS18.09,F.3508,S30300,30C 18N11,1Cr18Ni9MoZr,ATI 303
M,Stainless Steels,14,180,10,Stainless steel,Austenitic,1.4306,SCS19,X2CrNi1911,304L,304C12,X3CrNi1810KD,Z2CN18-09,2352,GX2CrNi1910,F.3503,S30403,03KH18N11,0Cr19Ni10,ATI 304L
M,Stainless Steels,14,180,10,Stainless steel,Austenitic,1.4308,SUS304L,GX6CrNi18-9,CF-8,304C15,58E,Z6CN18-10M,2333,CF-8,,,,,
M,Stainless Steels,14,180,10,Stainless steel,Austenitic,1.431,SUS 301,X10CrNi18-8,301,301S21,Z12CN17-07,2331,X2CrNi1807,F.3517,S30100,07KH16N6,Cr17Ni7,ATI 301,
M,Stainless Steels,14,180,10,Stainless steel,Austenitic,1.4311,SUS304LN,X2CrNiN18 10,304LN,304S62,Z2CN18-10,2371,X2CrNiN1810,F.3541,S30453,03KH18N11,,,
M,Stainless Steels,14,180,10,Stainless steel,Austenitic,1.4312,SCS12,GX10CrNi188,305,302C25,Z10CN18-9M,10C 18N9L,ATI 305,,,,,,
M,Stainless Steels,14,180,10,Stainless steel,Austenitic,1.435,SUS304,X5CrNi18-9,304,304S15,58E,Z6CN18-09,2332,X5CrNi1810,F.3551,S30400,0Cr18Ni9,ATI 304,
M,Stainless Steels,14,180,10,Stainless steel,Austenitic,1.4362,X2CrNiN234,S32304,Z2CN23-04AZ,2327,S32304,ATI 2304TM,,,,,,,
M,Stainless Steels,14,180,10,Stainless steel,Austenitic,1.4371,X3CrMnNiN18887,202,284S16,Z8CMN18-08-05,,,,,,,,,
M,Stainless Steels,14,180,10,Stainless steel,Austenitic,1.4401,SUS316,X5CrNiMo17-12-2,316,316S13,Z3CND17-11-01,2347,X5CrNiMo17 12 2,F.3534,S31600,08KH17H13M2T,ATI 316,,
M,Stainless Steels,14,180,10,Stainless steel,Austenitic,1.4404,SUS316L,X2CrNiMo17-13-2,316L,316S11,Z2CND17-12,2348,X2CrNiMo1712,F.3533,S31603,ATI 316L,,,
M,Stainless Steels,14,180,10,Stainless steel,Austenitic,1.4406,SUS316LN,X2CrNiMoN17122,316LN,316S61,Z2CND17-12AZ,X2CrNiMoN1712,F.3542,S31653,07C 18N,ATI 316LN,,,
M,Stainless Steels,14,180,10,Stainless steel,Austenitic,1.4408,SCS14,GX6CrNiMo18-10,CF-8M,316C16,2343,X7CrNiMo2010,F.8414,J92900,10G2S2MSL,,,,
M,Stainless Steels,14,180,10,Stainless steel,Austenitic,1.441,SCS 14 A,GX10CrNiMo18-9,Z5CND20-12M,2328,S32750,,,,,,,,
M,Stainless Steels,14,180,10,Stainless steel,Austenitic,1.4429,SUS316LN,X2CrNiMoN17-13-3,316Ln,316S62,Z2CND17-13AZ,2375,X2CrNiMoN17133,F.3543,03KH16N15M3,00Cr17Ni13Mo2,,,
M,Stainless Steels,14,180,10,Stainless steel,Austenitic,1.4435,SUS316L,X2CrNiMo18143,316L,316S11,Z3CND17-12-03,2375,X2CrNiMo17 13 2,F.3533,S31603,O3C 17N14M3,0Cr27Ni12Mo3,,
M,Stainless Steels,14,180,10,Stainless steel,Austenitic,1.4436,SUS316,X3CrNiMo17-13-3,316,316S19,Z6CND18-12-03,2343,X5CrNiMo17 12 2,F.3543,S31600,,,,
M,Stainless Steels,14,180,10,Stainless steel,Austenitic,1.4438,SUS317L,X2CrNiMo18164,317L,317S12,Z2CND19-15-04,2367,X2CrNiMo18 16 4,F.3539,S31703,ATI 317L,,,
M,Stainless Steels,14,180,10,Stainless steel,Austenitic,1.4439,X2CrNiMoN17135,(s31726),Z3CND18-14-06AZ,,,,,,,,,,
M,Stainless Steels,14,180,10,Stainless steel,Austenitic,1.444,X2CrNiMo18-16,,,,,,,,,,,,
M,Stainless Steels,14,180,10,Stainless steel,Austenitic,1.4449,SUS317,X5CrNiMo17133,317,317S16,X5CrNiMo1815,S31700,ATI 317,,,,,,
M,Stainless Steels,14,180,10,Stainless steel,Austenitic,1.446,SUS 329 J1,X8CrNiMo275,329,2324,S32900,10RE51,,,,,,,
M,Stainless Steels,14,180,10,Stainless steel,Austenitic,1.4462,SUS329J3L,X2CrNiMoN2253,318S13,Z3CND22-05Az,2377,S31803,ATI 2205TM,,,,,,
M,Stainless Steels,14,180,10,Stainless steel,Austenitic,1.45,X7NiCrMoCuNb2520,23NCDU25-20M,J95150,,,,,,,,,,
M,Stainless Steels,14,180,10,Stainless steel,Austenitic,1.4521,SUS444,X2CrMoTi18-2,443444,2326,X2CrMoTiNb18 2,F.3123,,,,,,,
M,Stainless Steels,14,180,10,Stainless steel,Austenitic,1.4539,X1NiCrMoCuN25205,Z2NCDU25-20,2562,N08904,ATI 904L,,,,,,,,
M,Stainless Steels,14,180,10,Stainless steel,Austenitic,1.4541,SUS321,X14CrNiTi18-10,321,321S31,Z6CNT18-10,2337,X6CrNiTi18 11,F.3523,S32100,06C 18N10T,ATI 321,,
M,Stainless Steels,14,180,10,Stainless steel,Austenitic,1.4542,SUS630,X5CrNiCuNb174,630,Z7CNU15-05,UGIMA 4542,,,,,,,,
M,Stainless Steels,14,180,10,Stainless steel,Austenitic,1.4545,Z7CNU15.05,15-5PH,S15500,ATI 15-5,,,,,,,,,
M,Stainless Steels,14,180,10,Stainless steel,Austenitic,1.4547,X1CrNiMoN20187,S31254,2378,S31254,Uranus B25 6Mo,,,,,,,,
M,Stainless Steels,14,180,10,Stainless steel,Austenitic,1.455,SUS347,X6CrNiNb18-10,347,347S17,58F,Z6CNNb18-10,2338,X6CrNiNb18 11,F.3552,S34700,08C 18N12B,1Cr18Ni11Nb,ATI 347
M,Stainless Steels,14,180,10,Stainless steel,Austenitic,1.4552,SCS 21,GX7CrNiNb18-9,Z4CNNb19-10M,J92710,,,,,,,,,
M,Stainless Steels,14,180,10,Stainless steel,Austenitic,1.4568,SUS 631,X 7 CrNiAl 17 7,316S111,Z 9 CAN 17-7,2388,Z8CNA17-07,S17700,09C 17NJU1,17-7PH,,,,
M,Stainless Steels,14,180,10,Stainless steel,Austenitic,1.4571,SUS 316Ti,X6CrNiMoTi17-12-2,316Ti,320S31,58J,Z6NDT17-12,2350,X6CrNiMoTi17 12,F.3535,10C 17N13M2T,Cr18Ni12Mo2Ti,ATI 316Ti,
M,Stainless Steels,14,180,10,Stainless steel,Austenitic,1.4581,SCS 22,GX5CrNiMoNb18,318C17,Z4CNDNb18-12M,,,,,,,,,
M,Stainless Steels,14,180,10,Stainless steel,Austenitic,1.4583,X6CrNiMoNB18-12,318,303S21,Z15CNS20-12,X15CrNiSi2 12,Cr17Ni12Mo3Nb,,,,,,,
M,Stainless Steels,14,180,10,Stainless steel,Austenitic,1.4585,GX7CrNiMoCuNb1818,X6CrNiMoTi17 12,J94651,,,,,,,,,,
M,Stainless Steels,14,180,10,Stainless steel,Austenitic,1.4821,X20CrNiSi254,Z20CNS25-04,S44635,,,,,,,,,,
M,Stainless Steels,14,180,10,Stainless steel,Austenitic,1.4823,GX40CrNiSi274,J92605,,,,,,,,,,,
M,Stainless Steels,14,180,10,Stainless steel,Austenitic,1.4828,SCS17,X15CrNiSi20-12,309,309S24,58C,Z15CNS20-12,F.8414,S30900,20C 20N14S2,1Cr23Ni13,ATI 309,,
M,Stainless Steels,14,180,10,Stainless steel,Austenitic,1.4833,SUS 309 S,X6CrNi2213,309S,309S13,Z15CN24-13,J93400,,,,,,,
M,Stainless Steels,14,180,10,Stainless steel,Austenitic,1.4845,SUH310,X12CrNi25-21,310S,310S24,Z12CN25-20,2361,X6CrNi2520,F.331,S31008,20C 23N18,0Cr25Ni20,ATI 310S,
M,Stainless Steels,14,180,10,Stainless steel,Austenitic,1.4878,SUS321,X12CrNiTi18-9,321,321S20,58B,Z6CNT18-12(B),2337,X6CrNiTi1811,F.3553,S32100,1Cr18Ni9Ti,ACX315,
M,Stainless Steels,14,180,10,Stainless steel,Austenitic,1.4891,X5CrNiNb18-10,Ss30415,2372,,,,,,,,,,
M,Stainless Steels,14,180,10,Stainless steel,Austenitic,1.4893,X8CrNiNb11,S30815,2368,,,,,,,,,,
M,Stainless Steels,14,180,10,Stainless steel,Austenitic,1.4948,X6CrNi1811,304H,304S51,Z5CN18-09,2333,S30480,,,,,,,
M,Stainless Steels,14,180,10,Stainless steel,Austenitic,1.498,X5NiCrTi2515,660,2570,S66286,Incoloy A 286,X5NiCrN3525,X2CrNiMoN18134,S31753,X2CrNiMoN25227,,,,
K,Cast Iron,15,180,10,Grey cast iron,Pearlitic / Ferritic,0.601,FC100,GG10,A48 20 B,Grade 100,GJL-100,Ft 10 D,100,G10,FG10,Sc 10,,,
K,Cast Iron,15,180,10,Grey cast iron,Pearlitic / Ferritic,0.6015,FC150,GG15,A48 25 B,Grade 150,GJL-150,Ft 15 D,115,G15,FG15,Sc 15,HT150,,
K,Cast Iron,15,180,10,Grey cast iron,Pearlitic / Ferritic,0.602,FC200,GG20,A48 30 B,Grade 220,GJL-200,Ft 20 D,120,G20,FG20,W06020,Sc 20,HT200,
K,Cast Iron,15,180,10,Grey cast iron,Pearlitic / Ferritic,0.6025,FC250,GG25,A48 40 B,Grade 260,GJL-250,Ft 25 D,125,G25,FG25,Sc 25,,,
K,Cast Iron,15,180,10,Grey cast iron,Pearlitic / Ferritic,0.666,GGL-NiCr 20 2,1050/700/7,Grade F2,GJLA-XNiCr 20-2,L-NC 202,523,-,F41002,Ni-Resist 2,,,,
K,Cast Iron,15,180,10,Grey cast iron,Pearlitic / Ferritic,1.4449,SUS317,X5CrNiMo17133,317,317S16,X5CrNiMo1815,S31700,ATI 317,,,,,,
K,Cast Iron,16,260,26,Grey cast iron,Pearlitic (Martensitic),0.6025,FC250,GG25,A48 40 B,Grade 260,GJL-250,Ft 25 D,125,G25,FG25,Sc 25,HT250,,
K,Cast Iron,16,260,26,Grey cast iron,Pearlitic (Martensitic),0.603,FC300,GG30,A48 45 B,Grade 300,GJL-300,Ft 30 D,130,G30,FG30,Sc 30,HT300,,
K,Cast Iron,16,260,26,Grey cast iron,Pearlitic (Martensitic),0.6035,FC350,GG35,A48 50 B,Grade 350,GJL-350,Ft 35 D,135,G35,FG35,Sc 35,HT350,,
K,Cast Iron,16,260,26,Grey cast iron,Pearlitic (Martensitic),0.604,FC400,GG40,A48 60 B,Grade 400,GJL-400,Ft 40 D,140,G40,FC40,Sc 40,,,
K,Cast Iron,17,160,3,Nodular cast iron,Ferritic,0.604,FC400,GG40,A48 60 B,Grade 400,GJL-400,Ft 40 D,140,G40,FC40,Sc 40,QT500-7,,
K,Cast Iron,17,160,3,Nodular cast iron,Ferritic,0.7033,FCD350-22L,GGG35.3,-,350/22L40,GJS-350-22-LT,FGS 370-17,0717-15,-,,,,,
K,Cast Iron,17,160,3,Nodular cast iron,Ferritic,0.704,FCD400,GGG40,60-40-18,SNG 420-12,GJS-400-15,FCS 400-12,0717-02,GS 400-12,FG E38-17,F32800,Vc 42-12,QT400-18,
K,Cast Iron,17,160,3,Nodular cast iron,Ferritic,0.7043,FCD 370,GGG40.3,60-40-18,SNG 370-17,GJS-400-18-LT,FGS 370-17,0717-12,GSO 42-17,Vc 42-12,,,,
K,Cast Iron,18,250,25,Nodular cast iron,Pearlitic,0.705,FCD500,GGG50,80-55-06,SNG 500-7,GJS-500-7,FGS 500-7,0727-02,GS 500-7,FG E50-7,F33100,Vc 50-2,,
K,Cast Iron,18,250,25,Nodular cast iron,Pearlitic,0.706,FCD600,GGG60,80-55-06,SNG 600-3,GJS-600-3,FGS 600-3,0732-03,GS 600-3,FG E60-2,Vc 60-2,QT600-3,,
K,Cast Iron,18,250,25,Nodular cast iron,Pearlitic,0.707,FCD700,GGG70,100-70-03,SNG 700-2,GJS-700-2,FGS 700-2,0737-01,GS 700-2,FG S70-2,F34800,Vc 70-2,QT700-2,
K,Cast Iron,18,250,25,Nodular cast iron,Pearlitic,0.7652,FCDA-NiMn 13 7,GGG NiMn 13-7,-,Grade S6,GJSA-XNiMn 13-7,FGS Ni13 Mn7,772,-,Nodumag,,,,
K,Cast Iron,18,250,25,Nodular cast iron,Pearlitic,0.766,GGG NiCr 20-2,A436 D2,Grade S2,GJSA-XNiCr 20-2,FGS Ni20 Cr2,776,-,Ni-Resist D-2,,,,,
K,Cast Iron,19,130,,Malleable cast iron,Ferritic,0.8135,FCMW330,GTS-35,32510,B 340-12,GJMB350-10,MN 35-10,815,GMN 35,GTS35,Kc 35-10,,,
K,Cast Iron,20,230,21,Malleable cast iron,Pearlitic,0.8145,FCMW370,GTS-45,A220-40010,P 440-7,GJMB450-6,MN 450,852,GMN 45,,,,,
K,Cast Iron,20,230,21,Malleable cast iron,Pearlitic,0.8155,FCMP490,GTS-55,50005,P 510-4,GJMB-550-4,MP 50-5,854,GMN 55,Kc 60-3,,,,
K,Cast Iron,20,230,21,Malleable cast iron,Pearlitic,0.8165,FCMP590,GTS-65,70003,P 570-3,GJMB-650-2,MN 650-3,856,GMN 65,,,,,
K,Cast Iron,20,230,21,Malleable cast iron,Pearlitic,0.817,FCMP690,GTS-70,90001,P 690-2,GJMB-700-2,MN 700-2,862,GMN 70,Kc 70-2,,,,
N,Copper,26,110,,Copper and Copper Alloys,(Bronze / Brass),2.0375,CuZn36Pb3,LS60-2,,,,,,,,,,,
N,Copper,26,110,,Copper and Copper Alloys,(Bronze / Brass),2.109,G-CuSn75pb,C93200,U-E7Z5pb4,,,,,,,,,,
N,Copper,26,110,,Copper and Copper Alloys,(Bronze / Brass),2.1096,G-CuSn5ZnPb,c83600,LG2,,,,,,,,,,
N,Copper,26,110,,Copper and Copper Alloys,(Bronze / Brass),2.1098,G-CuSn2Znpb,C83600,,,,,,,,,,,
N,Copper,26,110,,Copper and Copper Alloys,(Bronze / Brass),2.1182,G-CuPb15Sn,C23000,LB1,U-pb15E8,,,,,,,,,
N,Copper,27,90,,Copper and Copper Alloys,(Bronze / Brass),2.024,C2300,CuZn15,L90,,,,,,,,,,
N,Copper,27,90,,Copper and Copper Alloys,(Bronze / Brass),2.0321,CuZn37,C27200,cz108,"CuZn36,CuZn37",C2700,L63,,,,,,,
N,Copper,27,90,,Copper and Copper Alloys,(Bronze / Brass),2.059,G-CuZn40Fe,,,,,,,,,,,,
N,Copper,27,90,,Copper and Copper Alloys,(Bronze / Brass),2.0592,G-CuZn35AI1,C86500,U-Z36N3,HTB1,,,,,,,,,
N,Copper,27,90,,Copper and Copper Alloys,(Bronze / Brass),2.0596,G-CuZn34AI2,C86200,HTB1,U-Z36N3,LTs23AD,,,,,,,,
N,Copper,27,90,,Copper and Copper Alloys,(Bronze / Brass),2.1293,CuCrZr,C18200,CC102,U-Cr0-8Zr,,,,,,,,,
N,Copper,28,100,,Copper and Copper Alloys,(Bronze / Brass),2.006,E-Cu57,,,,,,,,,,,,
N,Copper,28,100,,Copper and Copper Alloys,(Bronze / Brass),2.0966,CuAI10Ni5Fe4,C63000,Ca104,U-A10N,BrAD,,,,,,,,
N,Copper,28,100,,Copper and Copper Alloys,(Bronze / Brass),2.0975,G-CuAI10Ni,B-148-52,,,,,,,,,,,
N,Copper,28,100,,Copper and Copper Alloys,(Bronze / Brass),2.105,G-CuSn10,c90700,CT1,,,,,,,,,,
N,Copper,28,100,,Copper and Copper Alloys,(Bronze / Brass),2.1052,G-CuSn12,C90800,pb2,UE12P,,,,,,,,,
N,Copper,28,100,,Copper and Copper Alloys,(Bronze / Brass),2.1292,G-CuCrF35,C81500,CC1-FF,,,,,,,,,,
N,Aluminum,21,60,,Aluminum-wrought alloy,Not Curable,3.0205,Al99,Al99,,,,,,,,,,,
N,Aluminum,21,60,,Aluminum-wrought alloy,Not Curable,3.0255,(A1050),AI99.5,1000,L31,A59050C,D1,,,,,,,
N,Aluminum,21,60,,Aluminum-wrought alloy,Not Curable,3.3315,AIMg1,,,,,,,,,,,,
N,Aluminum,22,100,,Aluminum-wrought alloy,"Curable, Hardened",3.1325,AlCuMg1,AD35,,,,,,,,,,,
N,Aluminum,22,100,,Aluminum-wrought alloy,"Curable, Hardened",3.1655,A2011,AICuSiPb,,,,,,,,,,,
N,Aluminum,22,100,,Aluminum-wrought alloy,"Curable, Hardened",3.2315,AlMgSi1,AK9,,,,,,,,,,,
N,Aluminum,22,100,,Aluminum-wrought alloy,"Curable, Hardened",3.4345,"AIZnMgCuO,5",7050,L86,AZ4GU/9051,811-04,,,,,,,,
N,Aluminum,22,100,,Aluminum-wrought alloy,"Curable, Hardened",3.4365,7075,"AlZnMgCu1,5",7075,7075,7075,AlZn5.8MgCuCr,B95,,,,,,
N,Aluminum,23,75,,"Aluminum-cast, alloyed","≤ 12% Si, Not Curable",3.2163,G-AISi9Cu3,VAL8,,,,,,,,,,,
N,Aluminum,23,75,,"Aluminum-cast, alloyed","≤ 12% Si, Not Curable",3.2382,GD-AISi10Mg,,,,,,,,,,,,
N,Aluminum,23,75,,"Aluminum-cast, alloyed","≤ 12% Si, Not Curable",3.2383,G-AISi0Mg(Cu),A360.2,LM9,4253,,,,,,,,,
N,Aluminum,23,75,,"Aluminum-cast, alloyed","≤ 12% Si, Not Curable",3.2581,G-AISi12,,,,,,,,,,,,
N,Aluminum,23,75,,"Aluminum-cast, alloyed","≤ 12% Si, Not Curable",3.3561,G-AIMg5,,,,,,,,,,,,
N,Aluminum,23,75,,"Aluminum-cast, alloyed","≤ 12% Si, Not Curable",3.5101,G-MgZn4sE1Zr1,ZE41,MAG5,,,,,,,,,,
N,Aluminum,23,75,,"Aluminum-cast, alloyed","≤ 12% Si, Not Curable",3.5103,MgSE3Zn27r1,EZ33,MAG6,G-TR3Z2,,,,,,,,,
N,Aluminum,23,75,,"Aluminum-cast, alloyed","≤ 12% Si, Not Curable",3.5812,G-MgAI8Zn1,AZ81,NMAG1,,,,,,,,,,
N,Aluminum,23,75,,"Aluminum-cast, alloyed","≤ 12% Si, Not Curable",3.5912,G-MgAI9Zn1,AZ91,MAG7,A356-72,2789,NFA32-201,A5052,356.1,LM25,4244,AK7,G-AlSi12,A413.2
N,Aluminum,24,90,,"Aluminum-cast, alloyed","≤ 12% Si, Curable, Hardened",2.1871,G-AICu4TiMg,,,,,,,,,,,,
N,Aluminum,24,90,,"Aluminum-cast, alloyed","≤ 12% Si, Curable, Hardened",3.1754,"G-AICu5Ni1,5",,,,,,,,,,,,
N,Aluminum,24,90,,"Aluminum-cast, alloyed","≤ 12% Si, Curable, Hardened",3.2371,G-AISi7Mg,4218B,AK8,,,,,,,,,,
N,Aluminum,24,90,,"Aluminum-cast, alloyed","≤ 12% Si, Curable, Hardened",3.2373,C4BS,G-AISI9MGWA,SC64D,A-S7G,4251,AK9,,,,,,,
N,Aluminum,24,90,,"Aluminum-cast, alloyed","≤ 12% Si, Curable, Hardened",3.2381,G-AISi10Mg,AK12,,,,,,,,,,,
N,Aluminum,24,90,,"Aluminum-cast, alloyed","≤ 12% Si, Curable, Hardened",3.5106,G-MgAg3SE2Zr1,QE22,mag12,G-ALMG5,GD-AISI12,LM5,A-SU12,4252,,,,,
S,Titanium,36,400,,Titanium alloys,Pure Titanium,2.4674,NiCo15Cr10MoAITi,AMS 5397,N13100,IN 100,,,,,,,,,
S,Titanium,36,400,,Titanium alloys,Pure Titanium,3.7025,Ti1,R50250,2TA1,R50250,ATI 30 CP Gr. 1,,,,,,,,
S,Titanium,36,400,,Titanium alloys,Pure Titanium,3.7225,Ti1pd,R52250,TP1,R52250,,,,,,,,,
S,Titanium,37,1050,,Titanium alloys,"Alpha + Beta Alloys, Hardened",3.7124,TiCu2,2TA21-24,,,,,,,,,,,
S,Titanium,37,1050,,Titanium alloys,"Alpha + Beta Alloys, Hardened",3.7145,TiAl6Sn2Zr4Mo2Si,R54620,R54620,,,,,,,,,,
S,Titanium,37,1050,,Titanium alloys,"Alpha + Beta Alloys, Hardened",3.7165,TiAl6V4,AMS R56400,TA10-13,T-A6V,VT6,,,,,,,,
S,Titanium,37,1050,,Titanium alloys,"Alpha + Beta Alloys, Hardened",3.7185,TiAl4Mo4Sn2,TA45-51,,,,,,,,,,,
S,Titanium,37,1050,,Titanium alloys,"Alpha + Beta Alloys, Hardened",3.7195,TiAl3V2.5,R56320,ATI 3-2.5,TiAl4Mo4Sn4Si0.5,TiAl5Sn2.5,AMS R54520,TA14/17,T-A5E,Ti6Al4VELI,AMS R56401,TA11,,
S,Inconel,31,200,15,Heat resistant super alloys,"Fe Based, Annealed",1.4558,NCF 800 TB,X2NiCrAITi3220,N08800,NA15,,,,,,,,,
S,Inconel,31,200,15,Heat resistant super alloys,"Fe Based, Annealed",1.4562,X1NiCrMoCu32287,N08031,,,,,,,,,,,
S,Inconel,31,200,15,Heat resistant super alloys,"Fe Based, Annealed",1.4563,X1NiCrMoCuN31274,N08028,Z1NCDU31-27-03,2584,EK77,,,,,,,,
S,Inconel,31,200,15,Heat resistant super alloys,"Fe Based, Annealed",1.4864,SUH330,X12NiCrSi36-16,330,NA17,Z12NCS37-18,N08330,Cr15Ni36W3Ti,,,,,,
S,Inconel,31,200,15,Heat resistant super alloys,"Fe Based, Annealed",1.4865,SCH15,GX40NiCrSi38-18,330C40,XG50NiCr3919,J94605,,,,,,,,
S,Inconel,31,200,15,Heat resistant super alloys,"Fe Based, Annealed",1.4958,X5NiCrAITi3120,,,,,,,,,,,,
S,Inconel,32,280,30,Heat resistant super alloys,"Fe Based, Aged",1.4977,X40CoCrNi2020,Z42CNKDWNb,,,,,,,,,,,
S,Inconel,33,250,25,Heat resistant super alloys,"Ni or Co Based, Annealed",2.436,NiCu30Fe,NA13,NU30,N04400,Monel400,,,,,,,,
S,Inconel,33,250,25,Heat resistant super alloys,"Ni or Co Based, Annealed",2.4603,NiCr 30 FeMo,5390A,NC22FeD,Hastelloy G-30,,,,,,,,,
S,Inconel,33,250,25,Heat resistant super alloys,"Ni or Co Based, Annealed",2.461,NiMo16cR16Ti,N26455,HastelloyC-4,,,,,,,,,,
S,Inconel,33,250,25,Heat resistant super alloys,"Ni or Co Based, Annealed",2.463,NiCr20Ti,"HR5,203-4",NC20T,N06075,Nimonic75,,,,,,,,
S,Inconel,33,250,25,Heat resistant super alloys,"Ni or Co Based, Annealed",2.4631,NCF 80A,NiCr20TiAl,Hr40,NC20TA,N07080,KHN77TYuR,Nimonic 80A,,,,,,
S,Inconel,33,250,25,Heat resistant super alloys,"Ni or Co Based, Annealed",2.4642,NCF 690,NiC29Fe,Nnc30Fe,N06690,Inconel 690,,,,,,,,
S,Inconel,33,250,25,Heat resistant super alloys,"Ni or Co Based, Annealed",2.4856,NiCr22Mo9Nb,NA21,NC22FeDNb,N06625,lnconel 625,,,,,,,,
S,Inconel,33,250,25,Heat resistant super alloys,"Ni or Co Based, Annealed",2.4858,NiCr21Mo,NA16,NC21FeDU,N08825,KHN38VT,lncoloy 825,,,,,,,
S,Inconel,34,350,38,Heat resistant super alloys,"Ni or Co Based, Aged",2.4375,NiCu30Al,4676,NA18,NU30AT,N05500,Monelk500,,,,,,,
S,Inconel,34,350,38,Heat resistant super alloys,"Ni or Co Based, Aged",2.4662,NiFe35Cr14MoTi,5660,ZSNCDT42,N09901,Incoloy 901,,,,,,,,
S,Inconel,34,350,38,Heat resistant super alloys,"Ni or Co Based, Aged",2.4668,NiCr19Fe19NbMo,5383,HR8,NC19eNB,N07718,lnconel 718,,,,,,,
S,Inconel,34,350,38,Heat resistant super alloys,"Ni or Co Based, Aged",2.467,S-NiCr13A16MoNb,5391,Mar-46,NC12AD,Nimocast 713,,,,,,,,
S,Inconel,34,350,38,Heat resistant super alloys,"Ni or Co Based, Aged",2.4694,NiCr16fE7TiAl,N07751,Inconel 751,,,,,,,,,,
S,Inconel,34,350,38,Heat resistant super alloys,"Ni or Co Based, Aged",2.4955,NiFe25Cr20NbTi,,,,,,,,,,,,
S,Inconel,34,350,38,Heat resistant super alloys,"Ni or Co Based, Aged",2.4964,CoCr20W15Ni,5772,KC20WN,Haynes 25,CoCr22W14Ni,AMS 5772,KC22WN,,,,,,
S,Inconel,35,320,34,Heat resistant super alloys,"Ni or Co Based, Cast",2.4669,NiCr15Fe7TiAl,NC15TNbA,N07750,Inconel X750,,,,,,,,,
S,Inconel,35,320,34,Heat resistant super alloys,"Ni or Co Based, Cast",2.4685,G-NiMo28,N10665,Hastelloy B,,,,,,,,,,
S,Inconel,35,320,34,Heat resistant super alloys,"Ni or Co Based, Cast",2.481,G-NiMo30,Hastelloy C,,,,,,,,,,,
S,Inconel,35,320,34,Heat resistant super alloys,"Ni or Co Based, Cast",2.4973,NiCr19Co11MoTi,AMS 5399,NC19KDT,VT5-1,,,,,,,,,
S,Inconel,35,320,34,Heat resistant super alloys,"Ni or Co Based, Cast",3.7115,TiAl5Sn2,R54520,VT1-00,ATI Grade 6,,,,,,,,,
H,Hardened Steels(HRc40~45),40,400,42,Chilled cast iron,Cast,0.962,GX260NiCr42,A532 IB,Grade 2 A,GJN-HV520,FB Ni4 Cr2 BC,512,-,F45001,Ni-Hard2,,,,
H,Hardened Steels(HRc40~45),40,400,42,Chilled cast iron,Cast,0.9625,GX330NiCr42,A532 IA,Grade 2 B,GJN-HV550,FB Ni4 Cr2 HC,513,-,F45000,Ni-Hard1,,,,
H,Hardened Steels(HRc40~45),40,400,42,Chilled cast iron,Cast,0.963,GX300 CrNiSi 9 5 2,A532 ID,Grade 2 C,GJN-HV600,FB Cr9 Ni5,457,-,F45003,Ni-Hard 4,,,,
H,Hardened Steels(HRc40~45),40,400,42,Chilled cast iron,Cast,0.964,GX300CrMoNi1521,-,-,-,-,-,-,F45005,,,,,
H,Hardened Steels(HRc40~45),40,400,42,Chilled cast iron,Cast,0.965,GX260Cr27,-,Grade 3 D,-,466,-,,,,,,,
H,Hardened Steels(HRc40~45),40,400,42,Chilled cast iron,Cast,0.9655,GX300CrNMo271,-,Grade 3 E,-,-,-,20C 25N20S2,,,,,,
H,Hardened Steels(HRc40~45),40,400,42,Chilled cast iron,Cast,1.4841,SUH 310,X15CrNiSi25-20,310,314S31,X 15 CrNiSi 25 20,Z15CNS25-20,-,-,S31400,Cronifer 2520,,,
H,High Hardened Steels(HRc55~70),38,550,55,Hardened steel,Hardened,1.1231,S 70 C-CSP,Ck 67,1070,060 A 67,C 67S,XC 68,1770,C 70,F.5103,70,,,
H,High Hardened Steels(HRc55~70),38,550,55,Hardened steel,Hardened,1.1248,C 75,Ck 75,"1078, 1080",060 A 78,C 75S,XC 75,1774,C 75,F.5107,75,,,
H,High Hardened Steels(HRc55~70),38,550,55,Hardened steel,Hardened,1.1274,SUP 4,Ck 101,1095,060 A 96,C 100S,XC100,1870,C100,F.5117,,,,
H,High Hardened Steels(HRc55~70),38,550,55,Hardened steel,Hardened,1.1545,SK 3,C 105 W1,W1,BW 2,C 105U,Y1 105,1880,C 100 KU,F.5118,U10A,90,,
H,High Hardened Steels(HRc55~70),38,550,55,Hardened steel,Hardened,1.2762,75CrMoNiW67,-,-,-,-,-,-,,,,,,
H,High Hardened Steels(HRc55~70),38,550,55,Hardened steel,Hardened,1.3401,SCMnH1,GX120Mn12,A128(A),Z120M12,2183,GX120Mn12,F.8251,110G13L,,,,,
H,High Hardened Steels(HRc55~70),38,550,55,Hardened steel,Hardened,1.4021,SUS 420 J1,X 20 Cr 13,420,420 S 37,X 20 Cr 13,Z 20 C 13,2303,X 20 Cr 13,F.5261,20KH13,ATI 420,,
H,High Hardened Steels(HRc55~70),38,550,55,Hardened steel,Hardened,1.4109,SUS 440 A,X 65 CrMo 14,440 A,-,X 70 CrMo 15,Z 70 D 14,-,-,ATI 440A,,,,
H,High Hardened Steels(HRc55~70),38,550,55,Hardened steel,Hardened,1.4112,SUS 440 B,X 90 CrMoV 18,440 B,409 S 19,X 90 CrMoV 18,Z 2 CND 18 05,2327,X CrTi 12,,,,,
H,High Hardened Steels(HRc55~70),38,550,55,Hardened steel,Hardened,1.4125,SUS 440 C,X 105 CrMo 17,440 C,-,X 105 CrMo 17,Z 100 CD 17,-,X 105 CrMo 17,95KH18,ATI 440C,,,
H,High Hardened Steels(HRc55~70),38,550,55,Hardened steel,Hardened,1.6746,32NiCrMo14-5,-,832M31,32nIcRmO145,35NCD14,-,-,,,,,,
H,High Hardened Steels(HRc55~70),38,550,55,Hardened steel,Hardened,1.7176,SUP9(A),55Cr3,5155,527A60,48,55C3,2253,55Cr3,,,,,
H,High Hardened Steels(HRc55~70),38,550,55,Hardened steel,Hardened,1.7225,SCM 440 (H),42CrMo4,4140,708 M 40,42 CrMo 4,42 CD 4,2244,42 CrMo 4,F.1252,38HM,"42CrMo, 42CrMnMo",,
H,High Hardened Steels(HRc55~70),41,550,55,Hardened cast iron,Hardened,0.9635,GX300 CrMo 15 3,-,-,-,-,-,-,,,,,,
H,High Hardened Steels(HRc55~70),41,550,55,Hardened cast iron,Hardened,0.9645,GX260 CrMoNi 20 21,-,-,-,-,-,-,F45007,,,,,
