competitor_brand,competitor_code,competitor_series,product_name,diameter_mm,flute_count,coating,iso_group,shape,application,vc_min,vc_max,fz_min,fz_max,vc_source,yg1_1_series,yg1_1_score,yg1_1_vc,yg1_2_series,yg1_2_score,yg1_2_vc,yg1_3_series,yg1_3_score,yg1_3_vc,vc_comparison_note,catalog_ref,code_source,catalog_url
Sandvik,2P342-0300-PA 1730,CoroMill Plura 2P342,CoroMill Plura HD,3,4,GC1730 (P강용 재종),P,Square,일반 강재 사이드/숄더 가공,200,270,0.06,0.12,Sandvik 공식 application guide,GNX73,100,112.0~168.0,SEME74,100,119.0~148.0,EH914 SERIES,100,85.0~85.0,YG-1 Vc 하한이 경쟁사 대비 보수적,"Sandvik Coromant 공식 카탈로그, CoroMill Plura HD (2P342), P강 사이드밀링용",Amazon/Misumi India 공개 리스팅에서 확인된 주문코드 패턴,sandvik.coromant.com/en-gb/products/coromill-plura
Sandvik,2P342-0400-PA 1730,CoroMill Plura 2P342,CoroMill Plura HD,4,4,GC1730 (P강용 재종),P,Square,일반 강재 사이드/숄더 가공,200,270,0.06,0.12,Sandvik 공식 application guide,GNX73,100,114.0~171.0,SEME74,100,120.0~153.0,GMH54,100,96.0~128.0,YG-1 Vc 하한이 경쟁사 대비 보수적,"Sandvik Coromant 공식 카탈로그, CoroMill Plura HD (2P342), P강 사이드밀링용",Amazon/Misumi India 공개 리스팅에서 확인된 주문코드 패턴,sandvik.coromant.com/en-gb/products/coromill-plura
Sandvik,2P342-0500-PA 1730,CoroMill Plura 2P342,CoroMill Plura HD,5,4,GC1730 (P강용 재종),P,Square,일반 강재 사이드/숄더 가공,200,270,0.06,0.12,Sandvik 공식 application guide,GNX73,100,134.0~202.0,GMH54,100,96.0~128.0,EH914 SERIES,100,100.0~100.0,,"Sandvik Coromant 공식 카탈로그, CoroMill Plura HD (2P342), P강 사이드밀링용",Amazon/Misumi India 공개 리스팅에서 확인된 주문코드 패턴,sandvik.coromant.com/en-gb/products/coromill-plura
Sandvik,2P342-0600-PA 1730,CoroMill Plura 2P342,CoroMill Plura HD,6,4,GC1730 (P강용 재종),P,Square,일반 강재 사이드/숄더 가공,200,270,0.06,0.12,Sandvik 공식 application guide,GNX73,100,134.0~201.0,SEME74,100,141.0~178.0,GMH54,100,96.0~128.0,,"Sandvik Coromant 공식 카탈로그, CoroMill Plura HD (2P342), P강 사이드밀링용",Amazon/Misumi India 공개 리스팅에서 확인된 주문코드 패턴,sandvik.coromant.com/en-gb/products/coromill-plura
Sandvik,2P342-0800-PA 1730,CoroMill Plura 2P342,CoroMill Plura HD,8,4,GC1730 (P강용 재종),P,Square,일반 강재 사이드/숄더 가공,200,270,0.06,0.12,Sandvik 공식 application guide,GNX73,100,135.0~202.0,SEME74,100,141.0~179.0,GMI48,100,70.0~168.0,,"Sandvik Coromant 공식 카탈로그, CoroMill Plura HD (2P342), P강 사이드밀링용",Amazon/Misumi India 공개 리스팅에서 확인된 주문코드 패턴,sandvik.coromant.com/en-gb/products/coromill-plura
Sandvik,2P342-1000-PA 1730,CoroMill Plura 2P342,CoroMill Plura HD,10,4,GC1730 (P강용 재종),P,Square,일반 강재 사이드/숄더 가공,200,270,0.06,0.12,Sandvik 공식 application guide,GNX73,100,133.0~199.0,SEME74,100,139.0~175.0,GMI48,100,64.0~168.0,,"Sandvik Coromant 공식 카탈로그, CoroMill Plura HD (2P342), P강 사이드밀링용",Amazon/Misumi India 공개 리스팅에서 확인된 주문코드 패턴,sandvik.coromant.com/en-gb/products/coromill-plura
Sandvik,2P232-0300-PA 1730,CoroMill Plura 2P232,CoroMill Plura 슬로팅,3,2,GC1730 (P강용 재종),P,Square,홈/슬롯 가공 전용 2날,140,190,0.04,0.08,Sandvik 공식 application guide,HIGH SPEED,100,165.0~165.0,SEM813,100,94.0~198.0,GNX99,100,112.0~168.0,,"Sandvik Coromant 공식 카탈로그, CoroMill Plura Slotting (2P232), 2날 슬롯가공용",Sandvik 공식 주문코드 체계 (series-DDDD-suffix grade),sandvik.coromant.com/en-gb/products/coromill-plura
Sandvik,2P232-0400-PA 1730,CoroMill Plura 2P232,CoroMill Plura 슬로팅,4,2,GC1730 (P강용 재종),P,Square,홈/슬롯 가공 전용 2날,140,190,0.04,0.08,Sandvik 공식 application guide,SEME56,100,84.0~211.0,SEM813,100,106.0~264.0,GNX99,100,114.0~171.0,,"Sandvik Coromant 공식 카탈로그, CoroMill Plura Slotting (2P232), 2날 슬롯가공용",Sandvik 공식 주문코드 체계 (series-DDDD-suffix grade),sandvik.coromant.com/en-gb/products/coromill-plura
Sandvik,2P232-0600-PA 1730,CoroMill Plura 2P232,CoroMill Plura 슬로팅,6,2,GC1730 (P강용 재종),P,Square,홈/슬롯 가공 전용 2날,140,190,0.04,0.08,Sandvik 공식 application guide,GNX99,100,134.0~201.0,SEME61,100,113.0~179.0,SEME56,100,104.0~317.0,,"Sandvik Coromant 공식 카탈로그, CoroMill Plura Slotting (2P232), 2날 슬롯가공용",Sandvik 공식 주문코드 체계 (series-DDDD-suffix grade),sandvik.coromant.com/en-gb/products/coromill-plura
Sandvik,2P232-0800-PA 1730,CoroMill Plura 2P232,CoroMill Plura 슬로팅,8,2,GC1730 (P강용 재종),P,Square,홈/슬롯 가공 전용 2날,140,190,0.04,0.08,Sandvik 공식 application guide,GNX99,100,135.0~202.0,SEME61,100,113.0~181.0,SEME56,100,116.0~337.0,,"Sandvik Coromant 공식 카탈로그, CoroMill Plura Slotting (2P232), 2날 슬롯가공용",Sandvik 공식 주문코드 체계 (series-DDDD-suffix grade),sandvik.coromant.com/en-gb/products/coromill-plura
Sandvik,2P232-1000-PA 1730,CoroMill Plura 2P232,CoroMill Plura 슬로팅,10,2,GC1730 (P강용 재종),P,Square,홈/슬롯 가공 전용 2날,140,190,0.04,0.08,Sandvik 공식 application guide,GNX99,100,133.0~199.0,SEME61,100,103.0~189.0,SEME56,100,128.0~352.0,,"Sandvik Coromant 공식 카탈로그, CoroMill Plura Slotting (2P232), 2날 슬롯가공용",Sandvik 공식 주문코드 체계 (series-DDDD-suffix grade),sandvik.coromant.com/en-gb/products/coromill-plura
Sandvik,2P232-1200-PA 1730,CoroMill Plura 2P232,CoroMill Plura 슬로팅,12,2,GC1730 (P강용 재종),P,Square,홈/슬롯 가공 전용 2날,140,190,0.04,0.08,Sandvik 공식 application guide,GNX99,100,136.0~204.0,SEME61,100,103.0~189.0,EMD81,100,63.0~109.0,,"Sandvik Coromant 공식 카탈로그, CoroMill Plura Slotting (2P232), 2날 슬롯가공용",Sandvik 공식 주문코드 체계 (series-DDDD-suffix grade),sandvik.coromant.com/en-gb/products/coromill-plura
Sandvik,2P370-0600-PA H10F,CoroMill Plura 2P370,CoroMill Plura 알루미늄,6,3,"H10F (무코팅, Al·비철용 재종)",N,Square,알루미늄/비철 고속가공 (N그룹 전용),500,1000,0.04,0.18,Sandvik 공식 application guide,E2756,95,104.0~104.0,CE7659,82,19.0~138.0,EHD84,80,77.0~77.0,알루미늄 고속가공 YG-1 데이터 추가 추출 필요,"Sandvik Coromant 공식 카탈로그, CoroMill Plura Aluminium (2P370), N그룹 고속가공용",Sandvik 공식 주문코드 체계,sandvik.coromant.com/en-gb/products/coromill-plura
Sandvik,2P370-0800-PA H10F,CoroMill Plura 2P370,CoroMill Plura 알루미늄,8,3,"H10F (무코팅, Al·비철용 재종)",N,Square,알루미늄/비철 고속가공 (N그룹 전용),500,1000,0.04,0.18,Sandvik 공식 application guide,E2756,95,93.0~93.0,CE7659,82,18.0~126.0,EHD84,80,78.0~78.0,알루미늄 고속가공 YG-1 데이터 추가 추출 필요,"Sandvik Coromant 공식 카탈로그, CoroMill Plura Aluminium (2P370), N그룹 고속가공용",Sandvik 공식 주문코드 체계,sandvik.coromant.com/en-gb/products/coromill-plura
Sandvik,2P370-1000-PA H10F,CoroMill Plura 2P370,CoroMill Plura 알루미늄,10,3,"H10F (무코팅, Al·비철용 재종)",N,Square,알루미늄/비철 고속가공 (N그룹 전용),500,1000,0.04,0.18,Sandvik 공식 application guide,E2756,95,94.0~94.0,CE7659,82,19.0~126.0,EHD84,80,79.0~79.0,알루미늄 고속가공 YG-1 데이터 추가 추출 필요,"Sandvik Coromant 공식 카탈로그, CoroMill Plura Aluminium (2P370), N그룹 고속가공용",Sandvik 공식 주문코드 체계,sandvik.coromant.com/en-gb/products/coromill-plura
Sandvik,2P370-1200-PA H10F,CoroMill Plura 2P370,CoroMill Plura 알루미늄,12,3,"H10F (무코팅, Al·비철용 재종)",N,Square,알루미늄/비철 고속가공 (N그룹 전용),500,1000,0.04,0.18,Sandvik 공식 application guide,E2756,95,94.0~97.0,CE7659,82,19.0~124.0,EHD84,80,75.0~75.0,알루미늄 고속가공 YG-1 데이터 추가 추출 필요,"Sandvik Coromant 공식 카탈로그, CoroMill Plura Aluminium (2P370), N그룹 고속가공용",Sandvik 공식 주문코드 체계,sandvik.coromant.com/en-gb/products/coromill-plura
Sandvik,2P370-1600-PA H10F,CoroMill Plura 2P370,CoroMill Plura 알루미늄,16,3,"H10F (무코팅, Al·비철용 재종)",N,Square,알루미늄/비철 고속가공 (N그룹 전용),500,1000,0.04,0.18,Sandvik 공식 application guide,E2756,95,96.0~96.0,CE7659,82,18.0~131.0,EHD84,80,74.0~75.0,알루미늄 고속가공 YG-1 데이터 추가 추출 필요,"Sandvik Coromant 공식 카탈로그, CoroMill Plura Aluminium (2P370), N그룹 고속가공용",Sandvik 공식 주문코드 체계,sandvik.coromant.com/en-gb/products/coromill-plura
Sandvik,2P370-2000-PA H10F,CoroMill Plura 2P370,CoroMill Plura 알루미늄,20,3,"H10F (무코팅, Al·비철용 재종)",N,Square,알루미늄/비철 고속가공 (N그룹 전용),500,1000,0.04,0.18,Sandvik 공식 application guide,E2756,95,88.0~90.0,CE7659,82,19.0~132.0,EHD84,80,75.0~75.0,알루미늄 고속가공 YG-1 데이터 추가 추출 필요,"Sandvik Coromant 공식 카탈로그, CoroMill Plura Aluminium (2P370), N그룹 고속가공용",Sandvik 공식 주문코드 체계,sandvik.coromant.com/en-gb/products/coromill-plura
Sandvik,R216.42-04030-AC08G 1620,CoroMill Plura R216.42,CoroMill Plura 볼노즈,4,2,GC1620 (강·스테인리스용 재종),P,Ball,3D 프로파일링 / 금형 볼엔드밀,150,240,0.03,0.12,Sandvik 공식 application guide,SEMD98,100,180.0~188.0,SEME58,100,129.0~133.0,SG8A38,100,251.0~313.0,,"Sandvik Coromant 공식 카탈로그, CoroMill Plura Ball Nose (R216.42), 금형/프로파일링용",Sandvik 공식 볼노즈 주문코드 체계,sandvik.coromant.com/en-gb/products/coromill-plura
Sandvik,R216.42-06030-AC12G 1620,CoroMill Plura R216.42,CoroMill Plura 볼노즈,6,2,GC1620 (강·스테인리스용 재종),P,Ball,3D 프로파일링 / 금형 볼엔드밀,150,240,0.03,0.12,Sandvik 공식 application guide,SEME58,100,156.0~162.0,SEMD98,100,152.0~159.0,SG8A38,100,207.0~262.0,,"Sandvik Coromant 공식 카탈로그, CoroMill Plura Ball Nose (R216.42), 금형/프로파일링용",Sandvik 공식 볼노즈 주문코드 체계,sandvik.coromant.com/en-gb/products/coromill-plura
Sandvik,R216.42-08030-AC16G 1620,CoroMill Plura R216.42,CoroMill Plura 볼노즈,8,2,GC1620 (강·스테인리스용 재종),P,Ball,3D 프로파일링 / 금형 볼엔드밀,150,240,0.03,0.12,Sandvik 공식 application guide,SEME58,100,176.0~236.0,SEMD98,100,161.0~168.0,CGPH38,100,123.2~153.0,,"Sandvik Coromant 공식 카탈로그, CoroMill Plura Ball Nose (R216.42), 금형/프로파일링용",Sandvik 공식 볼노즈 주문코드 체계,sandvik.coromant.com/en-gb/products/coromill-plura
Sandvik,R216.42-10030-AC20G 1620,CoroMill Plura R216.42,CoroMill Plura 볼노즈,10,2,GC1620 (강·스테인리스용 재종),P,Ball,3D 프로파일링 / 금형 볼엔드밀,150,240,0.03,0.12,Sandvik 공식 application guide,SEME58,100,182.0~190.0,SEMD98,100,168.0~175.0,CGPH38,100,136.7~171.0,,"Sandvik Coromant 공식 카탈로그, CoroMill Plura Ball Nose (R216.42), 금형/프로파일링용",Sandvik 공식 볼노즈 주문코드 체계,sandvik.coromant.com/en-gb/products/coromill-plura
Sandvik,R216.42-12030-AC24G 1620,CoroMill Plura R216.42,CoroMill Plura 볼노즈,12,2,GC1620 (강·스테인리스용 재종),P,Ball,3D 프로파일링 / 금형 볼엔드밀,150,240,0.03,0.12,Sandvik 공식 application guide,SEME58,100,196.0~206.0,CGPH38,100,148.9~199.0,SEMD98,100,151.0~165.0,,"Sandvik Coromant 공식 카탈로그, CoroMill Plura Ball Nose (R216.42), 금형/프로파일링용",Sandvik 공식 볼노즈 주문코드 체계,sandvik.coromant.com/en-gb/products/coromill-plura
Sandvik,R216.42-16030-AC32G 1620,CoroMill Plura R216.42,CoroMill Plura 볼노즈,16,2,GC1620 (강·스테인리스용 재종),P,Ball,3D 프로파일링 / 금형 볼엔드밀,150,240,0.03,0.12,Sandvik 공식 application guide,CGPH38,100,160.8~215.0,SEME58,100,201.0~216.0,SEMD98,100,161.0~170.0,,"Sandvik Coromant 공식 카탈로그, CoroMill Plura Ball Nose (R216.42), 금형/프로파일링용",Sandvik 공식 볼노즈 주문코드 체계,sandvik.coromant.com/en-gb/products/coromill-plura
Sandvik,1P240-0600-PA 1730,CoroMill Plura 1P240,CoroMill Plura HD 고성능,6,4,GC1730 (P강용 재종),P,Square,고능률 황삭 / 파워컷,200,280,0.06,0.12,Sandvik 공식 application guide,GNX73,100,134.0~201.0,SEME74,100,141.0~178.0,GMH54,100,96.0~128.0,,"Sandvik Coromant 공식 카탈로그, CoroMill Plura HD High Performance (1P240), 고능률 황삭용",Sandvik 공식 주문코드 체계,sandvik.coromant.com/en-gb/products/coromill-plura
Sandvik,1P240-0800-PA 1730,CoroMill Plura 1P240,CoroMill Plura HD 고성능,8,4,GC1730 (P강용 재종),P,Square,고능률 황삭 / 파워컷,200,280,0.06,0.12,Sandvik 공식 application guide,GNX73,100,135.0~202.0,SEME74,100,141.0~179.0,GMI48,100,70.0~168.0,,"Sandvik Coromant 공식 카탈로그, CoroMill Plura HD High Performance (1P240), 고능률 황삭용",Sandvik 공식 주문코드 체계,sandvik.coromant.com/en-gb/products/coromill-plura
Sandvik,1P240-1000-PA 1730,CoroMill Plura 1P240,CoroMill Plura HD 고성능,10,4,GC1730 (P강용 재종),P,Square,고능률 황삭 / 파워컷,200,280,0.06,0.12,Sandvik 공식 application guide,GNX73,100,133.0~199.0,SEME74,100,139.0~175.0,GMI48,100,64.0~168.0,,"Sandvik Coromant 공식 카탈로그, CoroMill Plura HD High Performance (1P240), 고능률 황삭용",Sandvik 공식 주문코드 체계,sandvik.coromant.com/en-gb/products/coromill-plura
Sandvik,1P240-1200-PA 1730,CoroMill Plura 1P240,CoroMill Plura HD 고성능,12,4,GC1730 (P강용 재종),P,Square,고능률 황삭 / 파워컷,200,280,0.06,0.12,Sandvik 공식 application guide,GNX73,100,136.0~204.0,SEME74,100,143.0~180.0,GMI48,100,70.0~168.0,,"Sandvik Coromant 공식 카탈로그, CoroMill Plura HD High Performance (1P240), 고능률 황삭용",Sandvik 공식 주문코드 체계,sandvik.coromant.com/en-gb/products/coromill-plura
Sandvik,1P240-1600-PA 1730,CoroMill Plura 1P240,CoroMill Plura HD 고성능,16,4,GC1730 (P강용 재종),P,Square,고능률 황삭 / 파워컷,200,280,0.06,0.12,Sandvik 공식 application guide,SEME74,100,146.0~181.0,GMI48,100,64.0~168.0,GMH54,100,96.0~128.0,,"Sandvik Coromant 공식 카탈로그, CoroMill Plura HD High Performance (1P240), 고능률 황삭용",Sandvik 공식 주문코드 체계,sandvik.coromant.com/en-gb/products/coromill-plura
Sandvik,1P240-2000-PA 1730,CoroMill Plura 1P240,CoroMill Plura HD 고성능,20,4,GC1730 (P강용 재종),P,Square,고능률 황삭 / 파워컷,200,280,0.06,0.12,Sandvik 공식 application guide,SEME74,100,145.0~189.0,GMH54,100,96.0~128.0,EH914 SERIES,100,105.0~105.0,,"Sandvik Coromant 공식 카탈로그, CoroMill Plura HD High Performance (1P240), 고능률 황삭용",Sandvik 공식 주문코드 체계,sandvik.coromant.com/en-gb/products/coromill-plura
Sandvik,1P341-0600-PA 1740,CoroMill Plura 1P341,CoroMill Plura 스테인리스,6,4,GC1740 (M그룹 스테인리스용 재종),M,Square,스테인리스강 전용,75,120,0.03,0.07,Sandvik 공식 application guide,GMH42,100,61.0~89.0,CGMG62,100,61.0~89.0,GMH54,95,29.0~124.0,,"Sandvik Coromant 공식 카탈로그, CoroMill Plura Stainless (1P341), M그룹 스테인리스용",Sandvik 공식 주문코드 체계,sandvik.coromant.com/en-gb/products/coromill-plura
Sandvik,1P341-0800-PA 1740,CoroMill Plura 1P341,CoroMill Plura 스테인리스,8,4,GC1740 (M그룹 스테인리스용 재종),M,Square,스테인리스강 전용,75,120,0.03,0.07,Sandvik 공식 application guide,GMH42,100,61.0~88.0,CGMG62,100,61.0~88.0,GMH54,95,29.0~124.0,,"Sandvik Coromant 공식 카탈로그, CoroMill Plura Stainless (1P341), M그룹 스테인리스용",Sandvik 공식 주문코드 체계,sandvik.coromant.com/en-gb/products/coromill-plura
Sandvik,1P341-1000-PA 1740,CoroMill Plura 1P341,CoroMill Plura 스테인리스,10,4,GC1740 (M그룹 스테인리스용 재종),M,Square,스테인리스강 전용,75,120,0.03,0.07,Sandvik 공식 application guide,GMH42,100,64.0~88.0,CGMG62,100,64.0~88.0,GMH54,95,29.0~124.0,,"Sandvik Coromant 공식 카탈로그, CoroMill Plura Stainless (1P341), M그룹 스테인리스용",Sandvik 공식 주문코드 체계,sandvik.coromant.com/en-gb/products/coromill-plura
Sandvik,1P341-1200-PA 1740,CoroMill Plura 1P341,CoroMill Plura 스테인리스,12,4,GC1740 (M그룹 스테인리스용 재종),M,Square,스테인리스강 전용,75,120,0.03,0.07,Sandvik 공식 application guide,GMH42,100,62.0~89.0,CGMG62,100,62.0~89.0,GMH54,95,29.0~124.0,,"Sandvik Coromant 공식 카탈로그, CoroMill Plura Stainless (1P341), M그룹 스테인리스용",Sandvik 공식 주문코드 체계,sandvik.coromant.com/en-gb/products/coromill-plura
Sandvik,1P341-1600-PA 1740,CoroMill Plura 1P341,CoroMill Plura 스테인리스,16,4,GC1740 (M그룹 스테인리스용 재종),M,Square,스테인리스강 전용,75,120,0.03,0.07,Sandvik 공식 application guide,GMH42,100,62.0~88.0,CGMG62,100,62.0~88.0,GMH54,95,29.0~124.0,,"Sandvik Coromant 공식 카탈로그, CoroMill Plura Stainless (1P341), M그룹 스테인리스용",Sandvik 공식 주문코드 체계,sandvik.coromant.com/en-gb/products/coromill-plura
Sandvik,2S340-0600-PA 1745,CoroMill Plura 2S340,CoroMill Plura 티타늄,6,4,GC1745 (S그룹 티타늄·내열합금용 재종),S,Square,티타늄/내열합금 전용,40,80,0.015,0.06,Sandvik 공식 application guide,EHE55,97,40.0~65.0,GMI48,95,31.0~81.0,EH914 SERIES,95,55.0~55.0,,"Sandvik Coromant 공식 카탈로그, CoroMill Plura Titanium (2S340), S그룹 티타늄용",Sandvik 공식 주문코드 체계,sandvik.coromant.com/en-gb/products/coromill-plura
Sandvik,2S340-0800-PA 1745,CoroMill Plura 2S340,CoroMill Plura 티타늄,8,4,GC1745 (S그룹 티타늄·내열합금용 재종),S,Square,티타늄/내열합금 전용,40,80,0.015,0.06,Sandvik 공식 application guide,EHE55,97,40.0~65.0,GMI48,95,31.0~81.0,EH914 SERIES,95,55.0~55.0,,"Sandvik Coromant 공식 카탈로그, CoroMill Plura Titanium (2S340), S그룹 티타늄용",Sandvik 공식 주문코드 체계,sandvik.coromant.com/en-gb/products/coromill-plura
Sandvik,2S340-1000-PA 1745,CoroMill Plura 2S340,CoroMill Plura 티타늄,10,4,GC1745 (S그룹 티타늄·내열합금용 재종),S,Square,티타늄/내열합금 전용,40,80,0.015,0.06,Sandvik 공식 application guide,EHE55,97,40.0~65.0,GMI48,95,31.0~81.0,EH914 SERIES,95,55.0~55.0,,"Sandvik Coromant 공식 카탈로그, CoroMill Plura Titanium (2S340), S그룹 티타늄용",Sandvik 공식 주문코드 체계,sandvik.coromant.com/en-gb/products/coromill-plura
Sandvik,2S340-1200-PA 1745,CoroMill Plura 2S340,CoroMill Plura 티타늄,12,4,GC1745 (S그룹 티타늄·내열합금용 재종),S,Square,티타늄/내열합금 전용,40,80,0.015,0.06,Sandvik 공식 application guide,EHE55,97,40.0~65.0,GMI48,95,31.0~81.0,EH914 SERIES,95,50.0~50.0,,"Sandvik Coromant 공식 카탈로그, CoroMill Plura Titanium (2S340), S그룹 티타늄용",Sandvik 공식 주문코드 체계,sandvik.coromant.com/en-gb/products/coromill-plura
Sandvik,2S340-1600-PA 1745,CoroMill Plura 2S340,CoroMill Plura 티타늄,16,4,GC1745 (S그룹 티타늄·내열합금용 재종),S,Square,티타늄/내열합금 전용,40,80,0.015,0.06,Sandvik 공식 application guide,EHE55,97,40.0~65.0,GMI48,95,31.0~81.0,EH914 SERIES,95,55.0~55.0,,"Sandvik Coromant 공식 카탈로그, CoroMill Plura Titanium (2S340), S그룹 티타늄용",Sandvik 공식 주문코드 체계,sandvik.coromant.com/en-gb/products/coromill-plura
Sandvik,2P460-0600-PA 1730,CoroMill Plura 2P460,CoroMill Plura 코너R,6,4,GC1730 (P강용 재종),P,Radius,코너래디우스 엔드밀 / 포켓가공,170,260,0.04,0.1,Sandvik 공식 application guide,SG8B90,100,155.0~200.0,SEME66,100,153.0~187.0,SEME01,100,95.0~149.0,,"Sandvik Coromant 공식 카탈로그, CoroMill Plura Corner Radius (2P460), 코너R 포켓가공용",Sandvik 공식 주문코드 체계,sandvik.coromant.com/en-gb/products/coromill-plura
Sandvik,2P460-0800-PA 1730,CoroMill Plura 2P460,CoroMill Plura 코너R,8,4,GC1730 (P강용 재종),P,Radius,코너래디우스 엔드밀 / 포켓가공,170,260,0.04,0.1,Sandvik 공식 application guide,SG8B90,100,155.0~200.0,SEME66,100,158.0~186.0,SEME01,100,95.5~151.0,,"Sandvik Coromant 공식 카탈로그, CoroMill Plura Corner Radius (2P460), 코너R 포켓가공용",Sandvik 공식 주문코드 체계,sandvik.coromant.com/en-gb/products/coromill-plura
Sandvik,2P460-1000-PA 1730,CoroMill Plura 2P460,CoroMill Plura 코너R,10,4,GC1730 (P강용 재종),P,Radius,코너래디우스 엔드밀 / 포켓가공,170,260,0.04,0.1,Sandvik 공식 application guide,SG8B90,100,155.0~195.0,SEME66,100,156.0~184.0,SEME01,100,103.0~158.0,,"Sandvik Coromant 공식 카탈로그, CoroMill Plura Corner Radius (2P460), 코너R 포켓가공용",Sandvik 공식 주문코드 체계,sandvik.coromant.com/en-gb/products/coromill-plura
Sandvik,2P460-1200-PA 1730,CoroMill Plura 2P460,CoroMill Plura 코너R,12,4,GC1730 (P강용 재종),P,Radius,코너래디우스 엔드밀 / 포켓가공,170,260,0.04,0.1,Sandvik 공식 application guide,SG8B90,100,160.0~200.0,SEME66,100,156.0~187.0,SEME01,100,104.8~155.0,,"Sandvik Coromant 공식 카탈로그, CoroMill Plura Corner Radius (2P460), 코너R 포켓가공용",Sandvik 공식 주문코드 체계,sandvik.coromant.com/en-gb/products/coromill-plura
Sandvik,2P460-1600-PA 1730,CoroMill Plura 2P460,CoroMill Plura 코너R,16,4,GC1730 (P강용 재종),P,Radius,코너래디우스 엔드밀 / 포켓가공,170,260,0.04,0.1,Sandvik 공식 application guide,SEME66,100,154.0~186.0,SEME01,100,105.6~156.0,GMG87,100,64.0~168.0,,"Sandvik Coromant 공식 카탈로그, CoroMill Plura Corner Radius (2P460), 코너R 포켓가공용",Sandvik 공식 주문코드 체계,sandvik.coromant.com/en-gb/products/coromill-plura
Sandvik,2P380-0400-PA 1745,CoroMill Plura 2P380,CoroMill Plura 고경도,4,4,GC1745 (H·S계열용 재종),H,Square,열처리강/고경도 가공 (≤65HRC),50,120,0.01,0.04,Sandvik 공식 application guide,GNX36,100,61.0~114.0,GNX66,100,23.0~104.0,SG8B89,100,60.0~166.0,,"Sandvik Coromant 공식 카탈로그, CoroMill Plura Hardened (2P380), H그룹 고경도강용",Sandvik 공식 주문코드 체계,sandvik.coromant.com/en-gb/products/coromill-plura
Sandvik,2P380-0600-PA 1745,CoroMill Plura 2P380,CoroMill Plura 고경도,6,4,GC1745 (H·S계열용 재종),H,Square,열처리강/고경도 가공 (≤65HRC),50,120,0.01,0.04,Sandvik 공식 application guide,GNX66,100,26.0~124.0,GNX36,100,72.0~134.0,SG8B89,100,70.0~195.0,,"Sandvik Coromant 공식 카탈로그, CoroMill Plura Hardened (2P380), H그룹 고경도강용",Sandvik 공식 주문코드 체계,sandvik.coromant.com/en-gb/products/coromill-plura
Sandvik,2P380-0800-PA 1745,CoroMill Plura 2P380,CoroMill Plura 고경도,8,4,GC1745 (H·S계열용 재종),H,Square,열처리강/고경도 가공 (≤65HRC),50,120,0.01,0.04,Sandvik 공식 application guide,GNX66,100,26.0~124.0,GNX36,100,72.0~135.0,SG8B89,100,70.0~196.0,,"Sandvik Coromant 공식 카탈로그, CoroMill Plura Hardened (2P380), H그룹 고경도강용",Sandvik 공식 주문코드 체계,sandvik.coromant.com/en-gb/products/coromill-plura
Sandvik,2P380-1000-PA 1745,CoroMill Plura 2P380,CoroMill Plura 고경도,10,4,GC1745 (H·S계열용 재종),H,Square,열처리강/고경도 가공 (≤65HRC),50,120,0.01,0.04,Sandvik 공식 application guide,GNX66,100,26.0~123.0,GNX36,100,71.0~133.0,SG8B89,100,69.0~193.0,,"Sandvik Coromant 공식 카탈로그, CoroMill Plura Hardened (2P380), H그룹 고경도강용",Sandvik 공식 주문코드 체계,sandvik.coromant.com/en-gb/products/coromill-plura
Sandvik,2P380-1200-PA 1745,CoroMill Plura 2P380,CoroMill Plura 고경도,12,4,GC1745 (H·S계열용 재종),H,Square,열처리강/고경도 가공 (≤65HRC),50,120,0.01,0.04,Sandvik 공식 application guide,GNX66,100,26.0~124.0,GNX36,100,72.0~136.0,SG8B89,100,70.0~198.0,,"Sandvik Coromant 공식 카탈로그, CoroMill Plura Hardened (2P380), H그룹 고경도강용",Sandvik 공식 주문코드 체계,sandvik.coromant.com/en-gb/products/coromill-plura
OSG,AE-VMS 3mm (List 8205),AE-VMS,AE-VMS (List 8205),3,4,Duarise (TiAlSiN),P,Square,범용 4날 제진 엔드밀,111.3,150.6,0.0244,0.0366,OSG 카탈로그 PDF 직접 파싱,SEME74,100,119.0~148.0,GNX73,100,112.0~168.0,EH914 SERIES,100,85.0~85.0,,"OSG 카탈로그 2021, List 8205, p.831 (제품사양), p.1113 (절삭조건표)","OSG Cutting Tool Solutions 2021 카탈로그 PDF (technitoolinc.com), List 8205",technitoolinc.com/wp-content/uploads/2021/OSG-Master-Catalog.pdf
OSG,AE-VMS 4mm (List 8205),AE-VMS,AE-VMS (List 8205),4,4,Duarise (TiAlSiN),P,Square,범용 4날 제진 엔드밀,111.3,150.6,0.0346,0.0518,OSG 카탈로그 PDF 직접 파싱,SEME74,100,120.0~153.0,GNX73,100,114.0~171.0,GMH54,100,96.0~128.0,,"OSG 카탈로그 2021, List 8205, p.831 (제품사양), p.1113 (절삭조건표)","OSG Cutting Tool Solutions 2021 카탈로그 PDF (technitoolinc.com), List 8205",technitoolinc.com/wp-content/uploads/2021/OSG-Master-Catalog.pdf
OSG,AE-VMS 5mm (List 8205),AE-VMS,AE-VMS (List 8205),5,4,Duarise (TiAlSiN),P,Square,범용 4날 제진 엔드밀,111.3,150.6,0.0487,0.0731,OSG 카탈로그 PDF 직접 파싱,GMH54,100,96.0~128.0,EH914 SERIES,100,100.0~100.0,GNX73,100,134.0~202.0,,"OSG 카탈로그 2021, List 8205, p.831 (제품사양), p.1113 (절삭조건표)","OSG Cutting Tool Solutions 2021 카탈로그 PDF (technitoolinc.com), List 8205",technitoolinc.com/wp-content/uploads/2021/OSG-Master-Catalog.pdf
OSG,AE-VMS 6mm (List 8205),AE-VMS,AE-VMS (List 8205),6,4,Duarise (TiAlSiN),P,Square,범용 4날 제진 엔드밀,111.3,150.6,0.061,0.0914,OSG 카탈로그 PDF 직접 파싱,GMH54,100,96.0~128.0,GMI48,100,64.0~152.0,EH914 SERIES,100,105.0~105.0,,"OSG 카탈로그 2021, List 8205, p.831 (제품사양), p.1113 (절삭조건표)","OSG Cutting Tool Solutions 2021 카탈로그 PDF (technitoolinc.com), List 8205",technitoolinc.com/wp-content/uploads/2021/OSG-Master-Catalog.pdf
OSG,AE-VMS 8mm (List 8205),AE-VMS,AE-VMS (List 8205),8,4,Duarise (TiAlSiN),P,Square,범용 4날 제진 엔드밀,111.3,150.6,0.0691,0.1037,OSG 카탈로그 PDF 직접 파싱,GMI48,100,70.0~168.0,GMH54,100,96.0~128.0,EH914 SERIES,100,105.0~105.0,,"OSG 카탈로그 2021, List 8205, p.831 (제품사양), p.1113 (절삭조건표)","OSG Cutting Tool Solutions 2021 카탈로그 PDF (technitoolinc.com), List 8205",technitoolinc.com/wp-content/uploads/2021/OSG-Master-Catalog.pdf
OSG,AE-VMS 10mm (List 8205),AE-VMS,AE-VMS (List 8205),10,4,Duarise (TiAlSiN),P,Square,범용 4날 제진 엔드밀,111.3,150.6,0.0792,0.1188,OSG 카탈로그 PDF 직접 파싱,GMI48,100,64.0~168.0,GMH54,100,96.0~128.0,EH914 SERIES,100,105.0~105.0,,"OSG 카탈로그 2021, List 8205, p.831 (제품사양), p.1113 (절삭조건표)","OSG Cutting Tool Solutions 2021 카탈로그 PDF (technitoolinc.com), List 8205",technitoolinc.com/wp-content/uploads/2021/OSG-Master-Catalog.pdf
OSG,AE-CR-VMS 6mm (List 8210),AE-CR-VMS,AE-CR-VMS (List 8210),6,4,Duarise (TiAlSiN),P,Radius,코너R 4날 제진 엔드밀,111.3,150.6,0.061,0.0914,OSG 카탈로그 PDF 직접 파싱,SEME01,100,95.0~149.0,GMG87,100,64.0~168.0,CGM3S37,100,80.0~114.0,,"OSG 카탈로그 2021, List 8210, p.832 (제품사양), p.1114 (절삭조건표)","OSG Cutting Tool Solutions 2021 카탈로그 PDF (technitoolinc.com), List 8210",technitoolinc.com/wp-content/uploads/2021/OSG-Master-Catalog.pdf
OSG,AE-CR-VMS 8mm (List 8210),AE-CR-VMS,AE-CR-VMS (List 8210),8,4,Duarise (TiAlSiN),P,Radius,코너R 4날 제진 엔드밀,111.3,150.6,0.0691,0.1037,OSG 카탈로그 PDF 직접 파싱,SEME01,100,95.5~151.0,GMG87,100,64.0~168.0,CGM3S37,100,80.0~114.0,,"OSG 카탈로그 2021, List 8210, p.832 (제품사양), p.1114 (절삭조건표)","OSG Cutting Tool Solutions 2021 카탈로그 PDF (technitoolinc.com), List 8210",technitoolinc.com/wp-content/uploads/2021/OSG-Master-Catalog.pdf
OSG,AE-CR-VMS 10mm (List 8210),AE-CR-VMS,AE-CR-VMS (List 8210),10,4,Duarise (TiAlSiN),P,Radius,코너R 4날 제진 엔드밀,111.3,150.6,0.0792,0.1188,OSG 카탈로그 PDF 직접 파싱,SEME01,100,103.0~158.0,GMG87,100,64.0~168.0,CGM3S37,100,88.0~126.0,,"OSG 카탈로그 2021, List 8210, p.832 (제품사양), p.1114 (절삭조건표)","OSG Cutting Tool Solutions 2021 카탈로그 PDF (technitoolinc.com), List 8210",technitoolinc.com/wp-content/uploads/2021/OSG-Master-Catalog.pdf
OSG,AE-CR-VMS 12mm (List 8210),AE-CR-VMS,AE-CR-VMS (List 8210),12,4,Duarise (TiAlSiN),P,Radius,코너R 4날 제진 엔드밀,111.3,150.6,0.0793,0.1189,OSG 카탈로그 PDF 직접 파싱,SEME01,100,104.8~155.0,GMG87,100,70.0~168.0,CGM3S37,100,88.0~126.0,,"OSG 카탈로그 2021, List 8210, p.832 (제품사양), p.1114 (절삭조건표)","OSG Cutting Tool Solutions 2021 카탈로그 PDF (technitoolinc.com), List 8210",technitoolinc.com/wp-content/uploads/2021/OSG-Master-Catalog.pdf
OSG,AE-CR-VMS 16mm (List 8210),AE-CR-VMS,AE-CR-VMS (List 8210),16,4,Duarise (TiAlSiN),P,Radius,코너R 4날 제진 엔드밀,130,200,0.03,0.08,ISO그룹별 일반 권장범위 (카탈로그 미파싱),SEME66,100,154.0~186.0,SEME01,100,105.6~156.0,GMG87,100,64.0~168.0,,"OSG 카탈로그 2021, List 8210, p.832 (제품사양), p.1114 (절삭조건표)","OSG Cutting Tool Solutions 2021 카탈로그 PDF (technitoolinc.com), List 8210",technitoolinc.com/wp-content/uploads/2021/OSG-Master-Catalog.pdf
OSG,AE-VMSS 3mm (List 8220),AE-VMSS,AE-VMSS (List 8220),3,4,Duarise (TiAlSiN),P,Square,스터브 4날 제진 (짧은 유효길이),110.6,149.6,0.0241,0.0361,OSG 카탈로그 PDF 직접 파싱,SEME74,100,119.0~148.0,GNX73,100,112.0~168.0,EH914 SERIES,100,85.0~85.0,,"OSG 카탈로그 2021, List 8220, p.834 (제품사양), p.1117 (절삭조건표)","OSG Cutting Tool Solutions 2021 카탈로그 PDF (technitoolinc.com), List 8220",technitoolinc.com/wp-content/uploads/2021/OSG-Master-Catalog.pdf
OSG,AE-VMSS 4mm (List 8220),AE-VMSS,AE-VMSS (List 8220),4,4,Duarise (TiAlSiN),P,Square,스터브 4날 제진 (짧은 유효길이),111.1,150.3,0.0352,0.0528,OSG 카탈로그 PDF 직접 파싱,SEME74,100,120.0~153.0,GNX73,100,114.0~171.0,GMH54,100,96.0~128.0,,"OSG 카탈로그 2021, List 8220, p.834 (제품사양), p.1117 (절삭조건표)","OSG Cutting Tool Solutions 2021 카탈로그 PDF (technitoolinc.com), List 8220",technitoolinc.com/wp-content/uploads/2021/OSG-Master-Catalog.pdf
OSG,AE-VMSS 5mm (List 8220),AE-VMSS,AE-VMSS (List 8220),5,4,Duarise (TiAlSiN),P,Square,스터브 4날 제진 (짧은 유효길이),110.8,150.0,0.0479,0.0719,OSG 카탈로그 PDF 직접 파싱,GMH54,100,96.0~128.0,EH914 SERIES,100,100.0~100.0,GNX73,100,134.0~202.0,,"OSG 카탈로그 2021, List 8220, p.834 (제품사양), p.1117 (절삭조건표)","OSG Cutting Tool Solutions 2021 카탈로그 PDF (technitoolinc.com), List 8220",technitoolinc.com/wp-content/uploads/2021/OSG-Master-Catalog.pdf
OSG,AE-VMSS 6mm (List 8220),AE-VMSS,AE-VMSS (List 8220),6,4,Duarise (TiAlSiN),P,Square,스터브 4날 제진 (짧은 유효길이),110.6,149.6,0.06,0.09,OSG 카탈로그 PDF 직접 파싱,GMH54,100,96.0~128.0,GMI48,100,64.0~152.0,EH914 SERIES,100,105.0~105.0,,"OSG 카탈로그 2021, List 8220, p.834 (제품사양), p.1117 (절삭조건표)","OSG Cutting Tool Solutions 2021 카탈로그 PDF (technitoolinc.com), List 8220",technitoolinc.com/wp-content/uploads/2021/OSG-Master-Catalog.pdf
OSG,AE-VMSS 8mm (List 8220),AE-VMSS,AE-VMSS (List 8220),8,4,Duarise (TiAlSiN),P,Square,스터브 4날 제진 (짧은 유효길이),111.1,150.3,0.0681,0.1021,OSG 카탈로그 PDF 직접 파싱,GMI48,100,70.0~168.0,GMH54,100,96.0~128.0,EH914 SERIES,100,105.0~105.0,,"OSG 카탈로그 2021, List 8220, p.834 (제품사양), p.1117 (절삭조건표)","OSG Cutting Tool Solutions 2021 카탈로그 PDF (technitoolinc.com), List 8220",technitoolinc.com/wp-content/uploads/2021/OSG-Master-Catalog.pdf
OSG,AE-VMSS 10mm (List 8220),AE-VMSS,AE-VMSS (List 8220),10,4,Duarise (TiAlSiN),P,Square,스터브 4날 제진 (짧은 유효길이),87.5,118.4,0.0799,0.1199,OSG 카탈로그 PDF 직접 파싱,EH914 SERIES,100,105.0~105.0,GMH54,100,96.0~128.0,GMI48,100,64.0~168.0,,"OSG 카탈로그 2021, List 8220, p.834 (제품사양), p.1117 (절삭조건표)","OSG Cutting Tool Solutions 2021 카탈로그 PDF (technitoolinc.com), List 8220",technitoolinc.com/wp-content/uploads/2021/OSG-Master-Catalog.pdf
OSG,AE-VMSS 12mm (List 8220),AE-VMSS,AE-VMSS (List 8220),12,4,Duarise (TiAlSiN),P,Square,스터브 4날 제진 (짧은 유효길이),89.8,121.4,0.08,0.12,OSG 카탈로그 PDF 직접 파싱,EH914 SERIES,100,105.0~105.0,GMH54,100,96.0~128.0,GMI48,100,70.0~168.0,,"OSG 카탈로그 2021, List 8220, p.834 (제품사양), p.1117 (절삭조건표)","OSG Cutting Tool Solutions 2021 카탈로그 PDF (technitoolinc.com), List 8220",technitoolinc.com/wp-content/uploads/2021/OSG-Master-Catalog.pdf
OSG,AE-VML 6mm (List 8207),AE-VML,AE-VML (List 8207),6,4,Duarise (TiAlSiN),P,Square,롱넥 4날 제진 엔드밀,187.4,253.6,0.0544,0.0816,OSG 카탈로그 PDF 직접 파싱,GNX73,100,134.0~201.0,SEME74,100,141.0~178.0,GMH54,100,96.0~128.0,,"OSG 카탈로그 2021, List 8207, p.839 (제품사양), p.1123 (절삭조건표)","OSG Cutting Tool Solutions 2021 카탈로그 PDF (technitoolinc.com), List 8207",technitoolinc.com/wp-content/uploads/2021/OSG-Master-Catalog.pdf
OSG,AE-VML 8mm (List 8207),AE-VML,AE-VML (List 8207),8,4,Duarise (TiAlSiN),P,Square,롱넥 4날 제진 엔드밀,188.0,254.4,0.0543,0.0815,OSG 카탈로그 PDF 직접 파싱,GNX73,100,135.0~202.0,SEME74,100,141.0~179.0,GMI48,100,70.0~168.0,,"OSG 카탈로그 2021, List 8207, p.839 (제품사양), p.1123 (절삭조건표)","OSG Cutting Tool Solutions 2021 카탈로그 PDF (technitoolinc.com), List 8207",technitoolinc.com/wp-content/uploads/2021/OSG-Master-Catalog.pdf
OSG,AE-VML 10mm (List 8207),AE-VML,AE-VML (List 8207),10,4,Duarise (TiAlSiN),P,Square,롱넥 4날 제진 엔드밀,186.9,252.9,0.064,0.096,OSG 카탈로그 PDF 직접 파싱,GNX73,100,133.0~199.0,SEME74,100,139.0~175.0,GMI48,100,64.0~168.0,,"OSG 카탈로그 2021, List 8207, p.839 (제품사양), p.1123 (절삭조건표)","OSG Cutting Tool Solutions 2021 카탈로그 PDF (technitoolinc.com), List 8207",technitoolinc.com/wp-content/uploads/2021/OSG-Master-Catalog.pdf
OSG,AE-VML 12mm (List 8207),AE-VML,AE-VML (List 8207),12,4,Duarise (TiAlSiN),P,Square,롱넥 4날 제진 엔드밀,185.9,251.5,0.0641,0.0961,OSG 카탈로그 PDF 직접 파싱,GNX73,100,136.0~204.0,SEME74,100,143.0~180.0,GMI48,100,70.0~168.0,,"OSG 카탈로그 2021, List 8207, p.839 (제품사양), p.1123 (절삭조건표)","OSG Cutting Tool Solutions 2021 카탈로그 PDF (technitoolinc.com), List 8207",technitoolinc.com/wp-content/uploads/2021/OSG-Master-Catalog.pdf
OSG,PHX 1mm (List 9570),PHX,PHX (List 9570),1,3,EXOPRO (TiSiN),H,Radius,고경도강 딥피드 코너R (≤60HRC),80,150,0.01,0.04,ISO그룹별 일반 권장범위 (카탈로그 미파싱),ESE94,97,36.0~141.0,SG8A36,92,39.0~119.0,SG8A37,92,39.0~119.0,,"OSG 카탈로그 2021, List 9570, p.842-852 (제품사양+절삭조건)","OSG Cutting Tool Solutions 2021 카탈로그 PDF (technitoolinc.com), List 9570",technitoolinc.com/wp-content/uploads/2021/OSG-Master-Catalog.pdf
OSG,PHX 1.5mm (List 9570),PHX,PHX (List 9570),1.5,3,EXOPRO (TiSiN),H,Radius,고경도강 딥피드 코너R (≤60HRC),80,150,0.01,0.04,ISO그룹별 일반 권장범위 (카탈로그 미파싱),ESE94,97,36.0~141.0,SG8D32,92,14.0~138.0,SEME66,82,110.0~127.0,,"OSG 카탈로그 2021, List 9570, p.842-852 (제품사양+절삭조건)","OSG Cutting Tool Solutions 2021 카탈로그 PDF (technitoolinc.com), List 9570",technitoolinc.com/wp-content/uploads/2021/OSG-Master-Catalog.pdf
OSG,PHX 2mm (List 9570),PHX,PHX (List 9570),2,3,EXOPRO (TiSiN),H,Radius,고경도강 딥피드 코너R (≤60HRC),80,150,0.01,0.04,ISO그룹별 일반 권장범위 (카탈로그 미파싱),SG8A36,97,60.0~163.0,SG8A37,97,60.0~163.0,ESE94,97,70.0~138.0,,"OSG 카탈로그 2021, List 9570, p.842-852 (제품사양+절삭조건)","OSG Cutting Tool Solutions 2021 카탈로그 PDF (technitoolinc.com), List 9570",technitoolinc.com/wp-content/uploads/2021/OSG-Master-Catalog.pdf
OSG,PHX 3mm (List 9570),PHX,PHX (List 9570),3,3,EXOPRO (TiSiN),H,Radius,고경도강 딥피드 코너R (≤60HRC),80,150,0.01,0.04,ISO그룹별 일반 권장범위 (카탈로그 미파싱),ESE94,97,94.0~141.0,SG8A36,97,60.0~163.0,SG8A37,97,60.0~163.0,,"OSG 카탈로그 2021, List 9570, p.842-852 (제품사양+절삭조건)","OSG Cutting Tool Solutions 2021 카탈로그 PDF (technitoolinc.com), List 9570",technitoolinc.com/wp-content/uploads/2021/OSG-Master-Catalog.pdf
OSG,PHX 4mm (List 9570),PHX,PHX (List 9570),4,3,EXOPRO (TiSiN),H,Radius,고경도강 딥피드 코너R (≤60HRC),80,150,0.01,0.04,ISO그룹별 일반 권장범위 (카탈로그 미파싱),SG8A36,97,60.0~166.0,SG8A37,97,60.0~166.0,SG8D32,97,22.0~160.0,,"OSG 카탈로그 2021, List 9570, p.842-852 (제품사양+절삭조건)","OSG Cutting Tool Solutions 2021 카탈로그 PDF (technitoolinc.com), List 9570",technitoolinc.com/wp-content/uploads/2021/OSG-Master-Catalog.pdf
OSG,PHX 5mm (List 9570),PHX,PHX (List 9570),5,3,EXOPRO (TiSiN),H,Radius,고경도강 딥피드 코너R (≤60HRC),80,150,0.01,0.04,ISO그룹별 일반 권장범위 (카탈로그 미파싱),SG8D32,97,70.0~163.0,GNX01,97,72.0~134.0,GNX67,97,72.0~134.0,,"OSG 카탈로그 2021, List 9570, p.842-852 (제품사양+절삭조건)","OSG Cutting Tool Solutions 2021 카탈로그 PDF (technitoolinc.com), List 9570",technitoolinc.com/wp-content/uploads/2021/OSG-Master-Catalog.pdf
OSG,PHX 6mm (List 9570),PHX,PHX (List 9570),6,3,EXOPRO (TiSiN),H,Radius,고경도강 딥피드 코너R (≤60HRC),80,150,0.01,0.04,ISO그룹별 일반 권장범위 (카탈로그 미파싱),SG8D32,97,25.0~223.0,GNX61,97,72.0~134.0,GNX01,97,72.0~134.0,,"OSG 카탈로그 2021, List 9570, p.842-852 (제품사양+절삭조건)","OSG Cutting Tool Solutions 2021 카탈로그 PDF (technitoolinc.com), List 9570",technitoolinc.com/wp-content/uploads/2021/OSG-Master-Catalog.pdf
OSG,WXL-EMS 1mm (List 3704),WXL-EMS,WXL-EMS (List 3704),1,4,WXL (TiSiN),P,Square,4날 초경 범용 엔드밀 (마이크로),130,200,0.03,0.08,ISO그룹별 일반 권장범위 (카탈로그 미파싱),SEME74,100,116.0~141.0,GNX73,100,83.0~123.0,GMI41,100,70.0~95.0,,"OSG 카탈로그 2021, List 3704, p.862 (제품사양, Metric 4날 엔드밀)","OSG Cutting Tool Solutions 2021 카탈로그 PDF (technitoolinc.com), List 3704",technitoolinc.com/wp-content/uploads/2021/OSG-Master-Catalog.pdf
OSG,WXL-EMS 1.5mm (List 3704),WXL-EMS,WXL-EMS (List 3704),1.5,4,WXL (TiSiN),P,Square,4날 초경 범용 엔드밀 (마이크로),130,200,0.03,0.08,ISO그룹별 일반 권장범위 (카탈로그 미파싱),SEME73,100,42.0~80.0,SEME60,95,151.0~207.0,SEME66,95,126.0~174.0,YG-1 Vc 하한이 경쟁사 대비 보수적,"OSG 카탈로그 2021, List 3704, p.862 (제품사양, Metric 4날 엔드밀)","OSG Cutting Tool Solutions 2021 카탈로그 PDF (technitoolinc.com), List 3704",technitoolinc.com/wp-content/uploads/2021/OSG-Master-Catalog.pdf
OSG,WXL-EMS 2mm (List 3704),WXL-EMS,WXL-EMS (List 3704),2,4,WXL (TiSiN),P,Square,4날 초경 범용 엔드밀 (마이크로),130,200,0.03,0.08,ISO그룹별 일반 권장범위 (카탈로그 미파싱),GNX73,100,113.0~168.0,SEME74,100,113.0~148.0,EH914 SERIES,100,75.0~75.0,,"OSG 카탈로그 2021, List 3704, p.862 (제품사양, Metric 4날 엔드밀)","OSG Cutting Tool Solutions 2021 카탈로그 PDF (technitoolinc.com), List 3704",technitoolinc.com/wp-content/uploads/2021/OSG-Master-Catalog.pdf
OSG,WXL-EMS 2.5mm (List 3704),WXL-EMS,WXL-EMS (List 3704),2.5,4,WXL (TiSiN),P,Square,4날 초경 범용 엔드밀 (마이크로),130,200,0.03,0.08,ISO그룹별 일반 권장범위 (카탈로그 미파싱),SEME73,100,42.0~94.0,GNX73,95,113.0~168.0,SEME74,95,113.0~148.0,YG-1 Vc 하한이 경쟁사 대비 보수적,"OSG 카탈로그 2021, List 3704, p.862 (제품사양, Metric 4날 엔드밀)","OSG Cutting Tool Solutions 2021 카탈로그 PDF (technitoolinc.com), List 3704",technitoolinc.com/wp-content/uploads/2021/OSG-Master-Catalog.pdf
OSG,WXL-EMS 3mm (List 3704),WXL-EMS,WXL-EMS (List 3704),3,4,WXL (TiSiN),P,Square,4날 초경 범용 엔드밀 (마이크로),130,200,0.03,0.08,ISO그룹별 일반 권장범위 (카탈로그 미파싱),GNX73,100,112.0~168.0,SEME74,100,119.0~148.0,EH914 SERIES,100,85.0~85.0,,"OSG 카탈로그 2021, List 3704, p.862 (제품사양, Metric 4날 엔드밀)","OSG Cutting Tool Solutions 2021 카탈로그 PDF (technitoolinc.com), List 3704",technitoolinc.com/wp-content/uploads/2021/OSG-Master-Catalog.pdf
OSG,WXL-EMS 3.5mm (List 3704),WXL-EMS,WXL-EMS (List 3704),3.5,4,WXL (TiSiN),P,Square,4날 초경 범용 엔드밀 (마이크로),130,200,0.03,0.08,ISO그룹별 일반 권장범위 (카탈로그 미파싱),GNX73,95,112.0~168.0,SEME74,95,119.0~148.0,GMH42,95,126.0~127.0,,"OSG 카탈로그 2021, List 3704, p.862 (제품사양, Metric 4날 엔드밀)","OSG Cutting Tool Solutions 2021 카탈로그 PDF (technitoolinc.com), List 3704",technitoolinc.com/wp-content/uploads/2021/OSG-Master-Catalog.pdf
OSG,WXL-EMS 4mm (List 3704),WXL-EMS,WXL-EMS (List 3704),4,4,WXL (TiSiN),P,Square,4날 초경 범용 엔드밀 (마이크로),130,200,0.03,0.08,ISO그룹별 일반 권장범위 (카탈로그 미파싱),GNX73,100,114.0~171.0,SEME74,100,120.0~153.0,GMH54,100,96.0~128.0,,"OSG 카탈로그 2021, List 3704, p.862 (제품사양, Metric 4날 엔드밀)","OSG Cutting Tool Solutions 2021 카탈로그 PDF (technitoolinc.com), List 3704",technitoolinc.com/wp-content/uploads/2021/OSG-Master-Catalog.pdf
OSG,WXL-3D-DE 0.1mm (List 3722),WXL-3D-DE,WXL-3D-DE (List 3722),0.1,2,WXL (TiSiN),P,Square,2날 초경 범용 엔드밀 (마이크로~소경),130,200,0.03,0.08,ISO그룹별 일반 권장범위 (카탈로그 미파싱),HIGH SPEED,95,65.0~355.0,CGM3S01,95,14.0~52.0,CGM3S45,95,14.0~43.0,,"OSG 카탈로그 2021, List 3722, p.876 (제품사양, Metric 2날 엔드밀)","OSG Cutting Tool Solutions 2021 카탈로그 PDF (technitoolinc.com), List 3722",technitoolinc.com/wp-content/uploads/2021/OSG-Master-Catalog.pdf
OSG,WXL-3D-DE 0.2mm (List 3722),WXL-3D-DE,WXL-3D-DE (List 3722),0.2,2,WXL (TiSiN),P,Square,2날 초경 범용 엔드밀 (마이크로~소경),130,200,0.03,0.08,ISO그룹별 일반 권장범위 (카탈로그 미파싱),HIGH SPEED,95,65.0~355.0,SEME61,95,22.0~69.0,G8A45,95,31.0~41.0,,"OSG 카탈로그 2021, List 3722, p.876 (제품사양, Metric 2날 엔드밀)","OSG Cutting Tool Solutions 2021 카탈로그 PDF (technitoolinc.com), List 3722",technitoolinc.com/wp-content/uploads/2021/OSG-Master-Catalog.pdf
OSG,WXL-3D-DE 0.5mm (List 3722),WXL-3D-DE,WXL-3D-DE (List 3722),0.5,2,WXL (TiSiN),P,Square,2날 초경 범용 엔드밀 (마이크로~소경),130,200,0.03,0.08,ISO그룹별 일반 권장범위 (카탈로그 미파싱),GNX99,100,65.0~87.0,HIGH SPEED,95,65.0~355.0,SEME61,95,22.0~69.0,YG-1 Vc 하한이 경쟁사 대비 보수적,"OSG 카탈로그 2021, List 3722, p.876 (제품사양, Metric 2날 엔드밀)","OSG Cutting Tool Solutions 2021 카탈로그 PDF (technitoolinc.com), List 3722",technitoolinc.com/wp-content/uploads/2021/OSG-Master-Catalog.pdf
OSG,WXL-3D-DE 1mm (List 3722),WXL-3D-DE,WXL-3D-DE (List 3722),1,2,WXL (TiSiN),P,Square,2날 초경 범용 엔드밀 (마이크로~소경),130,200,0.03,0.08,ISO그룹별 일반 권장범위 (카탈로그 미파싱),GNX99,100,78.0~123.0,SEME61,100,46.0~124.0,SEM813,100,40.0~108.0,YG-1 Vc 하한이 경쟁사 대비 보수적,"OSG 카탈로그 2021, List 3722, p.876 (제품사양, Metric 2날 엔드밀)","OSG Cutting Tool Solutions 2021 카탈로그 PDF (technitoolinc.com), List 3722",technitoolinc.com/wp-content/uploads/2021/OSG-Master-Catalog.pdf
OSG,WXL-3D-DE 2mm (List 3722),WXL-3D-DE,WXL-3D-DE (List 3722),2,2,WXL (TiSiN),P,Square,2날 초경 범용 엔드밀 (마이크로~소경),130,200,0.03,0.08,ISO그룹별 일반 권장범위 (카탈로그 미파싱),GNX99,100,113.0~168.0,SEM813,100,67.0~165.0,HIGH SPEED,100,110.0~110.0,,"OSG 카탈로그 2021, List 3722, p.876 (제품사양, Metric 2날 엔드밀)","OSG Cutting Tool Solutions 2021 카탈로그 PDF (technitoolinc.com), List 3722",technitoolinc.com/wp-content/uploads/2021/OSG-Master-Catalog.pdf
OSG,WXL-3D-DE 3mm (List 3722),WXL-3D-DE,WXL-3D-DE (List 3722),3,2,WXL (TiSiN),P,Square,2날 초경 범용 엔드밀 (마이크로~소경),130,200,0.03,0.08,ISO그룹별 일반 권장범위 (카탈로그 미파싱),HIGH SPEED,100,165.0~165.0,SEM813,100,94.0~198.0,GNX99,100,112.0~168.0,,"OSG 카탈로그 2021, List 3722, p.876 (제품사양, Metric 2날 엔드밀)","OSG Cutting Tool Solutions 2021 카탈로그 PDF (technitoolinc.com), List 3722",technitoolinc.com/wp-content/uploads/2021/OSG-Master-Catalog.pdf
OSG,WXL-3D-DE 4mm (List 3722),WXL-3D-DE,WXL-3D-DE (List 3722),4,2,WXL (TiSiN),P,Square,2날 초경 범용 엔드밀 (마이크로~소경),130,200,0.03,0.08,ISO그룹별 일반 권장범위 (카탈로그 미파싱),SEME56,100,84.0~211.0,SEM813,100,106.0~264.0,GNX99,100,114.0~171.0,,"OSG 카탈로그 2021, List 3722, p.876 (제품사양, Metric 2날 엔드밀)","OSG Cutting Tool Solutions 2021 카탈로그 PDF (technitoolinc.com), List 3722",technitoolinc.com/wp-content/uploads/2021/OSG-Master-Catalog.pdf
OSG,WXS-EMS 1mm (List 4540),WXS-EMS,WXS-EMS (List 4540),1,4,WXS (AlCrSiN),H,Square,고경도강 다날 초경 엔드밀 (≤70HRC),80,150,0.01,0.04,ISO그룹별 일반 권장범위 (카탈로그 미파싱),GNX74,100,83.0~123.0,SG8A02,100,80.0~119.0,SG8B89,100,39.0~119.0,,"OSG 카탈로그 2021, List 4540, p.886 (제품사양, 다날 엔드밀)","OSG Cutting Tool Solutions 2021 카탈로그 PDF (technitoolinc.com), List 4540",technitoolinc.com/wp-content/uploads/2021/OSG-Master-Catalog.pdf
OSG,WXS-EMS 1.5mm (List 4540),WXS-EMS,WXS-EMS (List 4540),1.5,4,WXS (AlCrSiN),H,Square,고경도강 다날 초경 엔드밀 (≤70HRC),80,150,0.01,0.04,ISO그룹별 일반 권장범위 (카탈로그 미파싱),GNX66,100,14.0~73.0,GNX74,95,83.0~123.0,SG8A02,95,80.0~119.0,YG-1 Vc 하한이 경쟁사 대비 보수적,"OSG 카탈로그 2021, List 4540, p.886 (제품사양, 다날 엔드밀)","OSG Cutting Tool Solutions 2021 카탈로그 PDF (technitoolinc.com), List 4540",technitoolinc.com/wp-content/uploads/2021/OSG-Master-Catalog.pdf
OSG,WXS-EMS 2mm (List 4540),WXS-EMS,WXS-EMS (List 4540),2,4,WXS (AlCrSiN),H,Square,고경도강 다날 초경 엔드밀 (≤70HRC),80,150,0.01,0.04,ISO그룹별 일반 권장범위 (카탈로그 미파싱),SG8B89,100,60.0~163.0,SG8A02,100,110.0~163.0,GNX74,100,113.0~168.0,,"OSG 카탈로그 2021, List 4540, p.886 (제품사양, 다날 엔드밀)","OSG Cutting Tool Solutions 2021 카탈로그 PDF (technitoolinc.com), List 4540",technitoolinc.com/wp-content/uploads/2021/OSG-Master-Catalog.pdf
OSG,WXS-EMS 2.5mm (List 4540),WXS-EMS,WXS-EMS (List 4540),2.5,4,WXS (AlCrSiN),H,Square,고경도강 다날 초경 엔드밀 (≤70HRC),80,150,0.01,0.04,ISO그룹별 일반 권장범위 (카탈로그 미파싱),SG8B89,95,60.0~163.0,SG8A02,95,110.0~163.0,GNX74,95,113.0~168.0,,"OSG 카탈로그 2021, List 4540, p.886 (제품사양, 다날 엔드밀)","OSG Cutting Tool Solutions 2021 카탈로그 PDF (technitoolinc.com), List 4540",technitoolinc.com/wp-content/uploads/2021/OSG-Master-Catalog.pdf
OSG,WXS-EMS 3mm (List 4540),WXS-EMS,WXS-EMS (List 4540),3,4,WXS (AlCrSiN),H,Square,고경도강 다날 초경 엔드밀 (≤70HRC),80,150,0.01,0.04,ISO그룹별 일반 권장범위 (카탈로그 미파싱),SG8B89,100,60.0~163.0,SG8A02,100,108.0~163.0,GNX74,100,112.0~168.0,,"OSG 카탈로그 2021, List 4540, p.886 (제품사양, 다날 엔드밀)","OSG Cutting Tool Solutions 2021 카탈로그 PDF (technitoolinc.com), List 4540",technitoolinc.com/wp-content/uploads/2021/OSG-Master-Catalog.pdf
OSG,WXS-EMS 4mm (List 4540),WXS-EMS,WXS-EMS (List 4540),4,4,WXS (AlCrSiN),H,Square,고경도강 다날 초경 엔드밀 (≤70HRC),80,150,0.01,0.04,ISO그룹별 일반 권장범위 (카탈로그 미파싱),SG8B89,100,60.0~166.0,SG8A02,100,111.0~166.0,GNX36,100,61.0~114.0,,"OSG 카탈로그 2021, List 4540, p.886 (제품사양, 다날 엔드밀)","OSG Cutting Tool Solutions 2021 카탈로그 PDF (technitoolinc.com), List 4540",technitoolinc.com/wp-content/uploads/2021/OSG-Master-Catalog.pdf
OSG,WXS-EMS 5mm (List 4540),WXS-EMS,WXS-EMS (List 4540),5,4,WXS (AlCrSiN),H,Square,고경도강 다날 초경 엔드밀 (≤70HRC),80,150,0.01,0.04,ISO그룹별 일반 권장범위 (카탈로그 미파싱),GNX36,100,72.0~134.0,SG8B89,100,70.0~196.0,SG8A02,100,130.0~196.0,,"OSG 카탈로그 2021, List 4540, p.886 (제품사양, 다날 엔드밀)","OSG Cutting Tool Solutions 2021 카탈로그 PDF (technitoolinc.com), List 4540",technitoolinc.com/wp-content/uploads/2021/OSG-Master-Catalog.pdf
